left,right,timestamp,pregunta
2.98965,3.0576,1.642092991064E12,0
2.95334,3.11639,1.642092991074E12,0
0.0,3.00237,1.642092991084E12,0
2.88307,2.99423,1.642092991095E12,0
2.81567,2.90149,1.642092991105E12,0
0.0,0.0,1.642092991115E12,0
2.82054,2.95494,1.642092991125E12,0
2.76553,2.95964,1.642092991136E12,0
0.0,2.86644,1.642092991146E12,0
2.76523,2.8788,1.642092991156E12,0
2.80305,2.86266,1.642092991166E12,0
0.0,2.85349,1.642092991177E12,0
2.79393,2.84407,1.642092991187E12,0
2.78964,2.85358,1.642092991197E12,0
2.61224,2.82904,1.642092991207E12,0
2.60382,2.82523,1.642092991217E12,0
2.58482,2.81131,1.642092991228E12,0
2.4791,2.82352,1.642092991238E12,0
2.47749,2.79726,1.642092991248E12,0
2.42639,2.79254,1.642092991258E12,0
0.0,2.77672,1.642092991269E12,0
2.70064,2.77551,1.642092991279E12,0
2.7196,2.77989,1.64209299129E12,0
2.6736,2.78403,1.6420929913E12,0
2.66827,0.0,1.64209299131E12,0
2.67519,2.63945,1.642092991321E12,0
0.0,2.50801,1.642092991331E12,0
2.60532,2.75914,1.642092991341E12,0
0.0,2.7448,1.642092991351E12,0
2.42393,2.86269,1.642092991362E12,0
2.38991,2.76866,1.642092991372E12,0
2.31619,2.75871,1.642092991382E12,0
2.32544,2.72646,1.642092991392E12,0
2.41167,2.72035,1.642092991403E12,0
2.4664,2.71643,1.642092991413E12,0
2.47791,2.70181,1.642092991423E12,0
2.45946,2.69231,1.642092991433E12,0
2.54364,2.69975,1.642092991443E12,0
2.53786,2.69057,1.642092991454E12,0
2.47058,2.6779,1.642092991464E12,0
2.43884,2.66115,1.642092991474E12,0
2.44064,2.65408,1.642092991484E12,0
2.43059,2.6496,1.642092991495E12,0
2.42058,2.65218,1.642092991505E12,0
2.41518,2.64622,1.642092991515E12,0
2.42258,2.64166,1.642092991525E12,0
2.42126,2.62776,1.642092991536E12,0
2.42564,2.65895,1.642092991546E12,0
2.41786,2.66106,1.642092991557E12,0
2.41609,2.66711,1.642092991567E12,0
2.42638,2.6364,1.642092991577E12,0
2.42877,2.6396,1.642092991587E12,0
2.4429,2.64536,1.642092991598E12,0
2.41043,2.64426,1.642092991608E12,0
2.41159,2.64133,1.642092991618E12,0
2.40105,2.62744,1.642092991628E12,0
2.40887,2.65303,1.642092991639E12,0
2.40837,2.65315,1.642092991649E12,0
2.4274,2.66016,1.642092991659E12,0
2.43788,2.63994,1.642092991669E12,0
2.43417,2.63512,1.64209299168E12,0
2.44933,2.6364,1.64209299169E12,0
2.44952,2.64259,1.6420929917E12,0
2.46243,2.65164,1.642092991711E12,0
2.4586,2.64996,1.642092991721E12,0
2.4612,2.64641,1.642092991731E12,0
2.49295,2.63704,1.642092991742E12,0
2.49452,2.66641,1.642092991752E12,0
2.49179,2.68303,1.642092991762E12,0
2.48494,2.70113,1.642092991773E12,0
2.49606,2.69034,1.642092991783E12,0
2.52693,2.69118,1.642092991793E12,0
2.49115,2.68962,1.642092991803E12,0
2.49326,2.68881,1.642092991817E12,0
2.48714,2.68895,1.642092991827E12,0
2.49211,2.709,1.642092991837E12,0
2.50453,2.71989,1.642092991847E12,0
2.52287,2.73141,1.642092991858E12,0
2.54689,2.72469,1.642092991868E12,0
2.55925,2.72823,1.642092991878E12,0
2.56458,2.7525,1.642092991888E12,0
2.57361,2.79672,1.642092991899E12,0
0.0,0.0,1.642092991909E12,0
0.0,0.0,1.642092991919E12,0
0.0,0.0,1.64209299193E12,0
0.0,0.0,1.64209299194E12,0
0.0,0.0,1.64209299195E12,0
0.0,0.0,1.642092991961E12,0
0.0,0.0,1.642092991971E12,0
0.0,0.0,1.642092991981E12,0
0.0,0.0,1.642092991991E12,0
0.0,0.0,1.642092992002E12,0
0.0,0.0,1.642092992012E12,0
0.0,0.0,1.642092992022E12,0
0.0,0.0,1.642092992032E12,0
0.0,0.0,1.642092992043E12,0
0.0,0.0,1.642092992053E12,0
0.0,0.0,1.642092992063E12,0
0.0,0.0,1.642092992073E12,0
0.0,0.0,1.642092992084E12,0
2.53583,0.0,1.642092992094E12,0
0.0,0.0,1.642092992104E12,0
0.0,0.0,1.642092992114E12,0
0.0,3.07059,1.642092992125E12,0
2.39848,0.0,1.642092992135E12,0
2.52896,0.0,1.642092992145E12,0
2.74854,3.34666,1.642092992156E12,0
0.0,0.0,1.642092992166E12,0
2.85835,3.02704,1.642092992176E12,0
0.0,2.89822,1.642092992186E12,0
0.0,2.82732,1.642092992197E12,0
2.83694,2.87581,1.642092992207E12,0
2.96358,2.85851,1.642092992217E12,0
0.0,2.77817,1.642092992227E12,0
2.95349,2.66417,1.642092992238E12,0
3.01501,2.68304,1.642092992248E12,0
2.78818,2.6245,1.642092992258E12,0
2.76721,0.0,1.642092992269E12,0
2.64708,2.62953,1.642092992279E12,0
2.64865,2.72638,1.642092992289E12,0
2.6687,2.72868,1.642092992299E12,0
2.8199,2.81647,1.642092992309E12,0
2.82564,2.77954,1.64209299232E12,0
2.85403,2.77582,1.64209299233E12,0
2.91002,2.71948,1.64209299234E12,0
2.90585,2.7744,1.64209299235E12,0
2.92538,2.80699,1.642092992361E12,0
2.68875,2.81606,1.642092992371E12,0
2.68594,2.76573,1.642092992381E12,0
2.63614,2.77608,1.642092992392E12,0
2.66173,2.76965,1.642092992402E12,0
2.64224,2.793,1.642092992412E12,0
2.6777,2.79247,1.642092992423E12,0
2.82587,2.85204,1.642092992433E12,0
2.8609,2.85513,1.642092992443E12,0
2.98068,2.84236,1.642092992453E12,0
2.8351,2.81032,1.642092992463E12,0
0.0,2.81543,1.642092992474E12,0
2.84001,2.83269,1.642092992484E12,0
2.91193,2.84547,1.642092992494E12,0
2.7562,2.82092,1.642092992504E12,0
2.76787,2.86952,1.642092992515E12,0
2.87248,2.86568,1.642092992525E12,0
2.85399,0.0,1.642092992535E12,0
2.92242,0.0,1.642092992545E12,0
2.75385,3.15015,1.642092992556E12,0
2.76443,2.77261,1.642092992566E12,0
2.70758,2.81561,1.642092992576E12,0
2.70746,2.82542,1.642092992586E12,0
2.67155,0.0,1.642092992597E12,0
2.68192,3.03639,1.642092992607E12,0
2.67445,3.00031,1.642092992617E12,0
2.68301,2.83725,1.642092992627E12,0
2.63287,2.81575,1.642092992638E12,0
2.6299,2.84964,1.642092992648E12,0
0.0,2.83481,1.642092992658E12,0
2.88179,2.86006,1.642092992668E12,0
2.86635,2.7878,1.642092992678E12,0
0.0,2.76141,1.642092992689E12,0
2.71541,2.67517,1.642092992699E12,0
2.69844,2.6899,1.642092992709E12,0
2.50954,2.66556,1.642092992719E12,0
2.58452,2.70149,1.642092992729E12,0
2.57677,2.69057,1.64209299274E12,0
2.58261,0.0,1.64209299275E12,0
2.647,2.84686,1.64209299276E12,0
2.68022,2.85544,1.642092992771E12,0
0.0,2.66521,1.642092992781E12,0
2.84245,2.69446,1.642092992791E12,0
2.81432,2.68747,1.642092992801E12,0
0.0,2.72897,1.642092992812E12,0
2.83992,2.7002,1.642092992822E12,0
2.85136,2.64673,1.642092992832E12,0
2.69449,0.0,1.642092992842E12,0
2.56009,2.77057,1.642092992853E12,0
2.55074,3.01196,1.642092992863E12,0
2.51765,2.85066,1.642092992873E12,0
2.56354,2.82118,1.642092992884E12,0
0.0,2.70407,1.642092992894E12,0
0.0,0.0,1.642092992904E12,0
2.62735,0.0,1.642092992915E12,0
0.0,2.80064,1.642092992925E12,0
2.40858,0.0,1.642092992935E12,0
2.43707,2.61583,1.642092992945E12,0
0.0,2.59303,1.642092992956E12,0
2.4166,2.3996,1.642092992966E12,0
2.41621,2.55399,1.642092992976E12,0
2.55318,2.44743,1.642092992986E12,0
2.57629,2.47836,1.642092992997E12,0
2.57428,2.41518,1.642092993007E12,0
2.56366,2.53081,1.642092993017E12,0
2.54399,2.55075,1.642092993028E12,0
2.52428,2.5414,1.642092993038E12,0
0.0,2.52106,1.642092993048E12,0
2.47269,2.46632,1.642092993059E12,0
2.49947,2.50093,1.642092993069E12,0
2.64177,2.505,1.642092993079E12,0
2.62172,2.54686,1.642092993089E12,0
2.60944,2.55591,1.642092993099E12,0
2.58487,2.56389,1.64209299311E12,0
2.6084,2.74657,1.64209299312E12,0
2.60553,2.73723,1.64209299313E12,0
0.0,2.74507,1.642092993141E12,0
2.42001,2.75476,1.642092993151E12,0
2.42871,2.75792,1.642092993161E12,0
2.56102,2.74219,1.642092993171E12,0
2.5782,2.66609,1.642092993181E12,0
2.58022,2.68198,1.642092993192E12,0
2.53136,2.69493,1.642092993202E12,0
2.53125,2.73267,1.642092993212E12,0
2.49614,2.72021,1.642092993223E12,0
0.0,2.70982,1.642092993233E12,0
2.44319,2.70456,1.642092993243E12,0
2.49371,2.72589,1.642092993253E12,0
2.86327,2.74026,1.642092993263E12,0
2.86493,2.72466,1.642092993274E12,0
2.88365,2.70042,1.642092993284E12,0
0.0,2.71632,1.642092993294E12,0
2.5359,2.7039,1.642092993304E12,0
2.52654,2.70154,1.642092993315E12,0
0.0,2.6897,1.642092993325E12,0
2.52301,2.69875,1.642092993335E12,0
2.47403,2.69608,1.642092993345E12,0
0.0,2.68512,1.642092993355E12,0
2.44797,2.68254,1.642092993369E12,0
2.45964,2.69797,1.642092993379E12,0
2.56767,2.69406,1.64209299339E12,0
2.5719,2.711,1.6420929934E12,0
2.57039,2.72336,1.64209299341E12,0
2.54741,2.73927,1.64209299342E12,0
2.56136,2.73476,1.64209299343E12,0
2.5536,2.70775,1.642092993441E12,0
0.0,2.70576,1.642092993451E12,0
2.43283,2.7085,1.642092993461E12,0
2.44153,2.69553,1.642092993471E12,0
0.0,2.69057,1.642092993482E12,0
2.47516,2.68759,1.642092993492E12,0
2.45909,2.71838,1.642092993502E12,0
2.69681,2.72914,1.642092993512E12,0
2.69661,2.70709,1.642092993523E12,0
2.71214,2.66852,1.642092993533E12,0
2.54706,2.66002,1.642092993543E12,0
2.54207,2.68687,1.642092993553E12,0
2.54491,2.69321,1.642092993563E12,0
2.54694,2.67657,1.642092993574E12,0
2.56224,2.66054,1.642092993584E12,0
2.56096,2.65828,1.642092993594E12,0
2.56201,2.67751,1.642092993604E12,0
2.53978,2.68369,1.642092993615E12,0
2.49538,2.68585,1.642092993625E12,0
2.47781,2.65646,1.642092993635E12,0
2.46916,2.66669,1.642092993645E12,0
2.52177,2.6754,1.642092993656E12,0
2.54382,2.68285,1.642092993666E12,0
2.53735,2.6552,1.642092993677E12,0
2.52951,2.64912,1.642092993687E12,0
2.53542,2.63213,1.642092993697E12,0
2.52962,2.65382,1.642092993708E12,0
2.50116,2.66443,1.642092993718E12,0
2.51401,2.67024,1.642092993728E12,0
2.50682,2.68507,1.642092993738E12,0
2.53732,2.67664,1.642092993749E12,0
2.52713,2.67189,1.642092993759E12,0
2.54803,2.63757,1.642092993769E12,0
2.48517,2.62827,1.642092993779E12,0
2.47998,2.62759,1.64209299379E12,0
2.46736,2.63745,1.6420929938E12,0
2.51166,2.65117,1.64209299381E12,0
2.78587,2.64978,1.64209299382E12,0
2.79065,2.67627,1.64209299383E12,0
2.78964,2.68221,1.642092993841E12,0
2.21138,2.66995,1.642092993851E12,0
2.2312,2.6438,1.642092993861E12,0
2.18513,2.64397,1.642092993871E12,0
2.52176,2.67369,1.642092993881E12,0
2.48859,2.67923,1.642092993892E12,0
2.49283,2.66248,1.642092993902E12,0
2.49864,2.65155,1.642092993912E12,0
2.52803,2.64595,1.642092993922E12,0
2.55936,2.64958,1.642092993932E12,0
2.54539,2.64569,1.642092993943E12,0
2.59715,2.59514,1.642092993953E12,0
2.62224,2.66644,1.642092993963E12,0
2.63557,2.67165,1.642092993973E12,0
2.73013,2.66823,1.642092993984E12,0
2.64804,2.67221,1.642092993994E12,0
2.62065,2.66907,1.642092994004E12,0
2.57098,2.68399,1.642092994014E12,0
2.62357,2.67752,1.642092994025E12,0
2.63695,2.67166,1.642092994035E12,0
2.70142,2.67419,1.642092994045E12,0
2.70547,2.67525,1.642092994056E12,0
2.69737,2.67865,1.642092994066E12,0
2.64404,2.72214,1.642092994076E12,0
2.6528,2.75945,1.642092994086E12,0
2.66728,2.75351,1.642092994096E12,0
0.0,2.74396,1.642092994107E12,0
2.63287,2.73125,1.642092994117E12,0
2.6255,2.72246,1.642092994127E12,0
2.64964,2.6965,1.642092994137E12,0
2.67462,2.67081,1.642092994147E12,0
2.68219,2.68376,1.642092994158E12,0
2.66571,2.66711,1.642092994168E12,0
2.59351,2.68384,1.642092994178E12,0
2.60205,2.68991,1.642092994188E12,0
2.63034,2.71535,1.642092994198E12,0
2.69899,2.72414,1.642092994209E12,0
2.70413,2.72301,1.642092994219E12,0
2.67751,2.7117,1.642092994229E12,0
2.66905,2.69792,1.64209299424E12,0
2.64127,2.69797,1.64209299425E12,0
2.64482,2.70032,1.64209299426E12,0
2.64198,2.68564,1.64209299427E12,0
2.6642,2.68605,1.642092994281E12,0
2.70197,2.68922,1.642092994291E12,0
2.71373,2.70502,1.642092994301E12,0
2.71553,2.71062,1.642092994311E12,0
2.63788,2.71841,1.642092994322E12,0
2.62642,2.71651,1.642092994332E12,0
2.6203,2.71176,1.642092994342E12,0
2.62726,2.70116,1.642092994352E12,0
2.61317,2.70735,1.642092994363E12,0
2.61574,2.71649,1.642092994373E12,0
2.64241,2.74332,1.642092994383E12,0
2.66058,2.77882,1.642092994394E12,0
2.65956,2.77339,1.642092994404E12,0
2.74463,2.75093,1.642092994414E12,0
2.75185,2.73428,1.642092994424E12,0
2.7482,2.7395,1.642092994435E12,0
2.68262,2.73987,1.642092994445E12,0
2.70195,2.74545,1.642092994455E12,0
2.69864,2.74501,1.642092994465E12,0
2.6658,2.75006,1.642092994475E12,0
2.62994,2.76189,1.642092994486E12,0
2.63277,2.7576,1.642092994496E12,0
2.65193,2.75922,1.642092994506E12,0
2.66191,2.71974,1.642092994517E12,0
2.65627,2.72359,1.642092994527E12,0
2.76295,2.70331,1.642092994537E12,0
2.77171,2.67462,1.642092994547E12,0
2.77057,2.66931,1.642092994558E12,0
2.77151,2.68948,1.642092994568E12,0
2.77002,2.71205,1.642092994578E12,0
2.79225,2.72052,1.642092994588E12,0
2.71809,2.73633,1.642092994599E12,0
2.71791,2.72072,1.642092994609E12,0
2.7036,2.71767,1.642092994619E12,0
2.70027,2.72226,1.642092994629E12,0
2.7197,2.75015,1.642092994639E12,0
2.73189,2.75804,1.64209299465E12,0
2.79889,2.74548,1.64209299466E12,0
2.78474,2.74071,1.64209299467E12,0
2.7883,2.73383,1.642092994681E12,0
2.64281,2.72752,1.642092994691E12,0
2.68004,2.64949,1.642092994701E12,0
2.67619,2.67711,1.642092994711E12,0
2.61711,2.7715,1.642092994721E12,0
2.57393,2.78746,1.642092994732E12,0
0.0,2.75757,1.642092994742E12,0
2.53314,2.70203,1.642092994752E12,0
2.52286,2.70427,1.642092994763E12,0
0.0,2.72771,1.642092994773E12,0
2.49844,2.73315,1.642092994783E12,0
2.47411,2.7207,1.642092994793E12,0
0.0,2.73483,1.642092994804E12,0
2.49632,2.72047,1.642092994814E12,0
2.49162,2.73001,1.642092994824E12,0
0.0,2.71436,1.642092994834E12,0
2.48631,2.74898,1.642092994845E12,0
2.48563,2.7565,1.642092994855E12,0
0.0,2.76007,1.642092994865E12,0
2.48026,2.74594,1.642092994875E12,0
2.48576,2.74008,1.642092994886E12,0
2.58781,2.7576,1.642092994896E12,0
2.60245,2.77173,1.642092994906E12,0
2.59808,2.77521,1.642092994917E12,0
0.0,2.7701,1.642092994927E12,0
2.47861,2.77682,1.642092994937E12,0
2.46455,2.76518,1.642092994948E12,0
2.5751,2.76454,1.642092994958E12,0
2.58545,2.74464,1.642092994968E12,0
2.58063,2.7424,1.642092994979E12,0
2.55344,2.7379,1.642092994989E12,0
2.5569,2.73203,1.642092994999E12,0
2.55768,2.73883,1.642092995009E12,0
2.60536,2.73973,1.642092995019E12,0
2.61414,2.75319,1.64209299503E12,0
2.63829,2.76178,1.64209299504E12,0
0.0,2.76421,1.64209299505E12,0
2.51691,2.77081,1.64209299506E12,0
2.47289,2.76723,1.64209299507E12,0
2.5731,2.74077,1.642092995081E12,0
2.59058,2.73981,1.642092995091E12,0
2.64059,2.78326,1.642092995101E12,0
2.63811,2.78363,1.642092995111E12,0
2.68179,2.72542,1.642092995121E12,0
2.66693,2.79308,1.642092995132E12,0
2.66718,2.78996,1.642092995142E12,0
2.66679,2.78589,1.642092995152E12,0
2.66922,2.75842,1.642092995162E12,0
2.69371,2.75821,1.642092995172E12,0
2.66241,2.75372,1.642092995183E12,0
2.59424,2.73213,1.642092995193E12,0
2.59311,2.73282,1.642092995203E12,0
2.64316,2.72713,1.642092995213E12,0
2.69743,2.72954,1.642092995223E12,0
2.69131,2.73384,1.642092995236E12,0
2.69382,2.74017,1.642092995246E12,0
2.71811,2.76849,1.642092995256E12,0
2.70129,2.76605,1.642092995266E12,0
2.68976,2.75734,1.642092995277E12,0
2.68095,2.73965,1.642092995287E12,0
2.69498,2.74847,1.642092995298E12,0
2.6907,2.78223,1.642092995308E12,0
2.69218,2.81923,1.642092995318E12,0
2.69202,2.81184,1.642092995328E12,0
2.68538,2.78563,1.642092995339E12,0
2.68172,2.71944,1.642092995349E12,0
2.68938,2.72189,1.642092995359E12,0
2.72601,2.71449,1.642092995369E12,0
2.73758,2.74788,1.642092995379E12,0
2.71951,2.7406,1.64209299539E12,0
2.68526,2.76341,1.6420929954E12,0
2.67699,2.75308,1.64209299541E12,0
2.68155,2.76534,1.64209299542E12,0
2.66959,2.7471,1.642092995431E12,0
2.65396,2.78557,1.642092995441E12,0
2.65665,2.78714,1.642092995451E12,0
2.64188,2.78922,1.642092995462E12,0
2.65532,2.77763,1.642092995472E12,0
2.64059,2.77074,1.642092995483E12,0
2.65651,2.77022,1.642092995493E12,0
2.65926,2.74174,1.642092995503E12,0
2.68193,2.74928,1.642092995514E12,0
2.67482,2.73604,1.642092995524E12,0
2.68394,2.72525,1.642092995534E12,0
2.6657,2.87251,1.642092995545E12,0
2.68904,2.89432,1.642092995555E12,0
2.68079,2.88744,1.642092995565E12,0
2.6656,2.77046,1.642092995575E12,0
2.67856,2.76334,1.642092995585E12,0
2.66891,2.74948,1.642092995595E12,0
2.66251,2.73074,1.642092995606E12,0
2.6451,2.75714,1.642092995616E12,0
2.65385,2.75258,1.642092995626E12,0
2.65813,2.73209,1.642092995636E12,0
2.64517,2.71405,1.642092995646E12,0
2.65645,2.7289,1.642092995657E12,0
2.66368,2.74347,1.642092995667E12,0
2.66858,2.74934,1.642092995677E12,0
2.65417,2.75189,1.642092995687E12,0
2.65401,2.74001,1.642092995697E12,0
2.61288,2.74651,1.642092995707E12,0
2.57724,2.75848,1.642092995718E12,0
2.57298,2.76118,1.642092995728E12,0
2.58427,2.75662,1.642092995738E12,0
2.61681,0.0,1.642092995748E12,0
2.60321,2.62857,1.642092995759E12,0
2.62044,2.64215,1.642092995769E12,0
2.63774,2.77341,1.642092995779E12,0
2.6441,2.77032,1.642092995789E12,0
2.65088,2.77092,1.642092995799E12,0
2.65102,2.7944,1.642092995809E12,0
2.6526,2.79721,1.64209299582E12,0
2.70892,2.77853,1.64209299583E12,0
2.69824,2.74393,1.64209299584E12,0
2.73386,2.74203,1.64209299585E12,0
2.56824,2.78461,1.642092995861E12,0
2.49759,2.74091,1.642092995871E12,0
0.0,2.74069,1.642092995882E12,0
2.42085,2.7825,1.642092995892E12,0
2.54303,2.78343,1.642092995902E12,0
0.0,2.81779,1.642092995912E12,0
2.56561,2.80884,1.642092995923E12,0
2.5253,2.8163,1.642092995933E12,0
0.0,2.79047,1.642092995943E12,0
2.53209,2.79385,1.642092995953E12,0
2.54277,2.78792,1.642092995964E12,0
0.0,2.79994,1.642092995974E12,0
2.55212,2.80176,1.642092995984E12,0
2.53455,2.80635,1.642092995995E12,0
2.56578,2.79414,1.642092996005E12,0
2.54077,2.79381,1.642092996015E12,0
2.52684,2.78564,1.642092996025E12,0
0.0,2.79703,1.642092996036E12,0
2.4968,2.79617,1.642092996046E12,0
2.4872,2.79449,1.642092996056E12,0
0.0,2.79633,1.642092996066E12,0
2.48392,2.80099,1.642092996077E12,0
2.5184,2.81343,1.642092996087E12,0
2.66447,2.81612,1.642092996097E12,0
2.67862,2.81512,1.642092996107E12,0
2.66698,2.81969,1.642092996117E12,0
0.0,2.81195,1.642092996127E12,0
2.49567,2.81371,1.642092996138E12,0
2.52313,2.80559,1.642092996148E12,0
0.0,2.79338,1.642092996158E12,0
2.55237,2.79401,1.642092996168E12,0
2.53528,2.786,1.642092996179E12,0
0.0,2.79305,1.642092996189E12,0
2.5257,2.79007,1.642092996199E12,0
2.53339,2.79443,1.642092996209E12,0
0.0,2.80293,1.642092996219E12,0
2.5419,2.79732,1.64209299623E12,0
2.52177,2.81688,1.64209299624E12,0
2.6461,2.81104,1.64209299625E12,0
2.64116,2.81175,1.64209299626E12,0
2.65027,2.78757,1.64209299627E12,0
2.64609,2.78703,1.642092996281E12,0
2.63948,2.77109,1.642092996291E12,0
2.62775,2.79222,1.642092996301E12,0
0.0,2.78809,1.642092996311E12,0
2.48219,2.80402,1.642092996321E12,0
2.42709,2.81105,1.642092996332E12,0
2.62021,2.80022,1.642092996342E12,0
2.65736,2.80177,1.642092996352E12,0
2.76389,2.80386,1.642092996362E12,0
2.73897,2.80478,1.642092996372E12,0
2.72768,2.7979,1.642092996383E12,0
2.71278,2.79202,1.642092996393E12,0
2.71518,2.77582,1.642092996403E12,0
2.71365,2.78304,1.642092996413E12,0
2.71889,2.80501,1.642092996423E12,0
2.69476,2.83965,1.642092996434E12,0
2.69215,2.82832,1.642092996444E12,0
2.68864,2.81271,1.642092996454E12,0
2.69922,2.80862,1.642092996464E12,0
2.68765,2.78964,1.642092996474E12,0
2.67822,2.79858,1.642092996485E12,0
2.67628,2.79193,1.642092996495E12,0
2.71452,2.79778,1.642092996505E12,0
2.72258,2.77727,1.642092996515E12,0
2.89079,2.77715,1.642092996526E12,0
2.87202,2.77356,1.642092996536E12,0
2.81789,2.77995,1.642092996546E12,0
2.6255,2.78291,1.642092996556E12,0
2.62738,2.78236,1.642092996566E12,0
2.69722,2.79196,1.642092996577E12,0
2.71358,2.79179,1.642092996587E12,0
2.73001,2.80492,1.642092996597E12,0
2.73689,2.79326,1.642092996607E12,0
2.73154,2.78905,1.642092996617E12,0
2.71529,2.76657,1.642092996628E12,0
2.68907,2.77785,1.642092996638E12,0
2.6936,2.7778,1.642092996648E12,0
2.6879,2.78278,1.642092996658E12,0
2.64417,2.77562,1.642092996669E12,0
2.63557,2.77882,1.642092996679E12,0
2.64809,2.79346,1.642092996689E12,0
2.71529,2.77512,1.642092996699E12,0
2.71581,2.76086,1.642092996709E12,0
2.7357,2.73288,1.64209299672E12,0
2.7307,2.75626,1.64209299673E12,0
2.73575,2.75815,1.64209299674E12,0
2.72034,2.78842,1.64209299675E12,0
2.70811,2.77299,1.64209299676E12,0
2.69705,2.78448,1.642092996771E12,0
2.68866,2.78519,1.642092996781E12,0
2.68906,2.78819,1.642092996791E12,0
2.6958,2.78659,1.642092996801E12,0
2.69128,2.79062,1.642092996811E12,0
2.69843,2.79417,1.642092996822E12,0
2.70132,2.79015,1.642092996832E12,0
2.69099,2.79076,1.642092996842E12,0
2.68611,2.79645,1.642092996852E12,0
2.679,2.79385,1.642092996862E12,0
2.71904,2.78255,1.642092996872E12,0
2.67357,2.78024,1.642092996883E12,0
2.68404,2.78484,1.642092996893E12,0
2.64864,2.78391,1.642092996903E12,0
2.69618,2.76251,1.642092996913E12,0
2.73192,2.76927,1.642092996924E12,0
2.74989,2.77312,1.642092996934E12,0
2.68967,2.78413,1.642092996944E12,0
2.64085,2.77972,1.642092996954E12,0
2.62338,2.7717,1.642092996965E12,0
2.68954,2.79102,1.642092996975E12,0
2.69037,2.77448,1.642092996985E12,0
2.69595,2.76767,1.642092996995E12,0
2.66985,2.7523,1.642092997006E12,0
2.66447,2.75636,1.642092997016E12,0
2.68549,2.77777,1.642092997026E12,0
2.70998,2.80174,1.642092997036E12,0
2.70482,2.81514,1.642092997046E12,0
2.69205,2.79933,1.642092997056E12,0
2.68736,2.7933,1.642092997067E12,0
2.70253,2.77583,1.642092997077E12,0
2.72551,2.78075,1.642092997087E12,0
2.73495,2.77655,1.642092997097E12,0
2.74228,2.76651,1.642092997107E12,0
2.7052,2.79681,1.642092997117E12,0
2.6463,2.77394,1.642092997128E12,0
0.0,2.80988,1.642092997138E12,0
2.56427,2.80966,1.642092997148E12,0
2.56631,2.82251,1.642092997158E12,0
2.63908,2.8336,1.642092997168E12,0
2.6373,2.82832,1.642092997178E12,0
2.62222,2.82394,1.642092997189E12,0
2.44318,2.81659,1.642092997199E12,0
2.45958,2.83846,1.642092997209E12,0
2.47881,2.83458,1.642092997219E12,0
0.0,2.83611,1.64209299723E12,0
2.59232,2.8317,1.64209299724E12,0
2.54617,2.83858,1.64209299725E12,0
2.57558,2.84264,1.64209299726E12,0
2.55191,2.84097,1.642092997271E12,0
2.56339,2.84207,1.642092997281E12,0
2.51277,2.83839,1.642092997291E12,0
2.53966,2.84041,1.642092997301E12,0
2.56961,2.84454,1.642092997311E12,0
0.0,2.83614,1.642092997322E12,0
2.58112,2.81979,1.642092997332E12,0
2.53517,2.81572,1.642092997342E12,0
2.63495,2.81715,1.642092997352E12,0
2.62854,2.81815,1.642092997362E12,0
2.62653,2.81709,1.642092997373E12,0
2.62178,2.8224,1.642092997383E12,0
2.63519,2.83218,1.642092997393E12,0
2.64116,2.82817,1.642092997403E12,0
2.68724,2.82217,1.642092997413E12,0
2.69946,2.8212,1.642092997424E12,0
2.69983,2.8275,1.642092997434E12,0
0.0,2.82953,1.642092997444E12,0
2.56929,2.83279,1.642092997454E12,0
2.56284,2.83966,1.642092997464E12,0
2.65405,2.84306,1.642092997474E12,0
2.63799,2.82841,1.642092997485E12,0
2.63271,2.82141,1.642092997495E12,0
2.6217,2.82898,1.642092997505E12,0
2.62431,2.83978,1.642092997515E12,0
2.65399,2.83615,1.642092997525E12,0
2.67896,2.83604,1.642092997536E12,0
2.68568,2.85138,1.642092997546E12,0
2.66077,2.85686,1.642092997556E12,0
0.0,2.85205,1.642092997566E12,0
2.53542,2.83705,1.642092997577E12,0
2.58711,2.83316,1.642092997587E12,0
0.0,2.84207,1.642092997597E12,0
2.60287,2.83763,1.642092997607E12,0
2.54306,2.84517,1.642092997617E12,0
2.62619,2.84198,1.642092997627E12,0
2.63351,2.84238,1.642092997638E12,0
2.63954,2.85695,1.642092997648E12,0
2.65273,2.84885,1.642092997658E12,0
2.66954,2.86002,1.642092997668E12,0
2.72136,2.87158,1.642092997678E12,0
2.73177,2.86551,1.642092997688E12,0
2.75023,2.85854,1.642092997699E12,0
2.75278,2.86673,1.642092997709E12,0
2.75409,2.86317,1.642092997719E12,0
2.76425,2.8541,1.642092997729E12,0
2.74156,2.83861,1.642092997739E12,0
2.73804,2.85063,1.64209299775E12,0
2.72797,2.85115,1.64209299776E12,0
2.72176,2.86279,1.64209299777E12,0
2.71928,2.84605,1.64209299778E12,0
2.73056,2.81221,1.642092997791E12,0
2.73483,2.79747,1.642092997801E12,0
2.73901,2.81049,1.642092997811E12,0
2.72176,2.82861,1.642092997821E12,0
2.73703,2.83977,1.642092997831E12,0
2.72308,2.82919,1.642092997842E12,0
2.73726,2.82884,1.642092997852E12,0
2.73201,2.81941,1.642092997862E12,0
2.7467,2.81769,1.642092997872E12,0
2.73987,2.839,1.642092997883E12,0
2.72079,2.80672,1.642092997893E12,0
2.70596,2.81029,1.642092997903E12,0
2.68086,2.7877,1.642092997913E12,0
2.70549,2.8159,1.642092997923E12,0
2.70616,2.82094,1.642092997934E12,0
2.7238,2.82123,1.642092997944E12,0
2.71364,2.83362,1.642092997954E12,0
2.7058,2.82957,1.642092997964E12,0
2.71426,2.83241,1.642092997975E12,0
2.70073,2.80873,1.642092997985E12,0
2.7159,2.80681,1.642092997995E12,0
2.69865,2.79636,1.642092998005E12,0
2.65419,2.80907,1.642092998015E12,0
2.64548,2.80562,1.642092998026E12,0
2.60623,2.81461,1.642092998036E12,0
2.63774,2.82159,1.642092998046E12,0
2.63531,2.82231,1.642092998056E12,0
2.65933,2.82365,1.642092998066E12,0
2.6815,2.80273,1.642092998076E12,0
2.68646,2.8053,1.642092998087E12,0
2.66907,2.81725,1.642092998097E12,0
2.6597,2.80748,1.642092998107E12,0
2.65939,2.80725,1.642092998117E12,0
2.67538,2.79828,1.642092998128E12,0
2.67125,2.82106,1.642092998138E12,0
2.66718,2.82431,1.642092998148E12,0
2.66899,2.82234,1.642092998158E12,0
2.65868,2.81419,1.642092998168E12,0
2.65987,2.80286,1.642092998178E12,0
2.66066,2.77975,1.642092998189E12,0
2.63284,2.78072,1.642092998199E12,0
2.62466,2.78914,1.642092998209E12,0
2.62675,2.79463,1.642092998219E12,0
2.65907,2.78914,1.642092998229E12,0
2.68704,2.78342,1.64209299824E12,0
2.67532,2.7851,1.64209299825E12,0
2.68222,2.78746,1.64209299826E12,0
2.66499,2.78654,1.64209299827E12,0
2.66258,2.79799,1.64209299828E12,0
2.65848,2.79358,1.642092998291E12,0
2.66206,2.81248,1.642092998301E12,0
2.62509,2.82933,1.642092998311E12,0
2.60707,2.83159,1.642092998321E12,0
2.57822,2.83105,1.642092998331E12,0
2.5976,2.84196,1.642092998341E12,0
2.62779,2.84927,1.642092998352E12,0
2.63441,2.85559,1.642092998362E12,0
2.6395,2.83147,1.642092998372E12,0
2.62332,2.82047,1.642092998382E12,0
2.64304,2.82533,1.642092998393E12,0
2.65866,2.83615,1.642092998403E12,0
2.65331,2.83617,1.642092998413E12,0
2.78552,2.83446,1.642092998423E12,0
2.7809,2.83032,1.642092998433E12,0
2.80263,2.83078,1.642092998443E12,0
2.66316,2.84167,1.642092998454E12,0
2.64919,2.84688,1.642092998464E12,0
2.63068,2.85144,1.642092998474E12,0
2.69147,2.85678,1.642092998484E12,0
2.70541,2.85786,1.642092998495E12,0
2.70631,2.85536,1.642092998505E12,0
2.64905,2.84406,1.642092998515E12,0
2.63887,2.8315,1.642092998526E12,0
2.63818,2.83443,1.642092998536E12,0
2.63672,2.8336,1.642092998546E12,0
2.63329,2.84288,1.642092998556E12,0
2.63495,2.84627,1.642092998566E12,0
2.631,2.84526,1.642092998576E12,0
2.63646,2.85686,1.642092998587E12,0
2.64218,2.85304,1.642092998597E12,0
2.65814,2.85449,1.642092998607E12,0
2.67316,2.85432,1.642092998617E12,0
2.66878,2.85574,1.642092998627E12,0
2.70357,2.86732,1.642092998638E12,0
2.6805,2.86337,1.642092998648E12,0
2.68469,2.88258,1.642092998658E12,0
2.66597,2.86221,1.642092998668E12,0
2.67252,2.8857,1.642092998678E12,0
2.66341,2.89851,1.642092998689E12,0
2.66145,2.91783,1.642092998699E12,0
2.69585,2.90645,1.642092998709E12,0
2.74187,2.91478,1.642092998719E12,0
2.76109,2.90175,1.642092998729E12,0
2.78886,2.90387,1.64209299874E12,0
2.75887,2.90785,1.64209299875E12,0
2.74896,2.91273,1.64209299876E12,0
2.74219,2.90298,1.64209299877E12,0
2.7415,2.93118,1.64209299878E12,0
2.73528,2.9342,1.642092998791E12,0
2.72577,2.94279,1.642092998801E12,0
2.73656,2.95181,1.642092998811E12,0
2.74507,2.95569,1.642092998821E12,0
2.73788,2.94084,1.642092998831E12,0
2.72549,2.93529,1.642092998842E12,0
2.7205,2.9315,1.642092998852E12,0
2.74368,2.95052,1.642092998862E12,0
2.74019,2.9379,1.642092998872E12,0
2.73573,2.94753,1.642092998882E12,0
2.74043,2.9529,1.642092998893E12,0
2.7514,2.94006,1.642092998903E12,0
2.76936,2.93701,1.642092998913E12,0
2.75485,2.9438,1.642092998923E12,0
2.7588,2.96143,1.642092998933E12,0
2.75432,2.96033,1.642092998944E12,0
2.74275,2.93582,1.642092998954E12,0
2.71483,2.91542,1.642092998964E12,0
2.7213,2.918,1.642092998974E12,0
2.737,2.92094,1.642092998985E12,0
2.75688,2.92467,1.642092998995E12,0
2.77283,2.92987,1.642092999005E12,0
2.77652,2.94237,1.642092999015E12,0
2.79062,2.94028,1.642092999025E12,0
2.76706,2.93594,1.642092999036E12,0
2.7489,2.94957,1.642092999046E12,0
2.7341,2.96448,1.642092999056E12,0
2.74739,2.96733,1.642092999067E12,0
2.76393,2.93532,1.642092999077E12,0
2.77737,2.93159,1.642092999087E12,0
2.77254,2.92824,1.642092999097E12,0
2.8419,2.90633,1.642092999108E12,0
2.84883,2.91046,1.642092999118E12,0
2.85341,2.91138,1.642092999128E12,0
2.81,2.93938,1.642092999138E12,0
2.80621,2.92497,1.642092999148E12,0
2.79678,2.9243,1.642092999159E12,0
2.78581,2.9039,1.642092999169E12,0
2.77629,2.90715,1.642092999179E12,0
2.77753,2.89865,1.642092999189E12,0
2.78955,2.89001,1.642092999199E12,0
2.79625,2.88199,1.64209299921E12,0
2.78769,2.88394,1.64209299922E12,0
2.75972,2.90736,1.64209299923E12,0
2.7554,2.9229,1.64209299924E12,0
2.75473,2.92883,1.64209299925E12,0
2.79231,2.90144,1.642092999261E12,0
2.79442,2.8857,1.642092999274E12,0
2.77812,2.86388,1.642092999284E12,0
2.75777,2.87962,1.642092999294E12,0
2.75801,2.91354,1.642092999304E12,0
2.76237,2.91692,1.642092999315E12,0
2.75974,2.91904,1.642092999325E12,0
2.76036,2.87758,1.642092999335E12,0
2.76923,2.87109,1.642092999345E12,0
2.75861,2.87183,1.642092999355E12,0
2.75098,2.89442,1.642092999366E12,0
2.73965,2.89099,1.642092999376E12,0
2.78413,2.88979,1.642092999386E12,0
2.79083,2.87201,1.642092999396E12,0
2.79524,2.87268,1.642092999406E12,0
2.77023,2.85132,1.642092999416E12,0
2.7659,2.8696,1.642092999426E12,0
2.76706,2.87862,1.642092999437E12,0
2.76105,2.88359,1.642092999447E12,0
2.77473,2.85371,1.642092999457E12,0
2.77618,2.84822,1.642092999467E12,0
2.78062,2.84869,1.642092999477E12,0
2.73689,2.84805,1.642092999488E12,0
2.72919,2.85451,1.642092999498E12,0
2.70529,2.86462,1.642092999508E12,0
2.7305,2.87352,1.642092999518E12,0
2.73212,2.87129,1.642092999528E12,0
2.74081,2.84769,1.642092999539E12,0
2.75198,2.86385,1.642092999549E12,0
2.78099,2.8645,1.642092999559E12,0
2.73615,2.89044,1.642092999569E12,0
2.74516,2.87082,1.642092999579E12,0
2.72389,2.8719,1.642092999589E12,0
2.71986,2.89893,1.6420929996E12,0
2.66743,2.89322,1.64209299961E12,0
0.0,2.89525,1.64209299962E12,0
2.55281,2.90535,1.64209299963E12,0
2.56653,2.90013,1.64209299964E12,0
2.65596,2.9026,1.642092999651E12,0
2.66199,2.90538,1.642092999661E12,0
2.65227,2.89243,1.642092999671E12,0
2.6602,2.89069,1.642092999681E12,0
2.66658,2.86493,1.642092999691E12,0
2.68495,2.87151,1.642092999702E12,0
2.70058,2.86861,1.642092999712E12,0
2.69122,2.87975,1.642092999722E12,0
2.70947,2.87657,1.642092999732E12,0
2.71516,2.88504,1.642092999742E12,0
2.7256,2.88815,1.642092999753E12,0
2.7029,2.89143,1.642092999763E12,0
2.71767,2.88963,1.642092999773E12,0
2.72391,2.89474,1.642092999783E12,0
2.72574,2.88921,1.642092999794E12,0
2.69693,2.88232,1.642092999804E12,0
2.68652,2.8745,1.642092999814E12,0
2.67944,2.87349,1.642092999824E12,0
2.6615,2.87195,1.642092999834E12,0
2.6617,2.89258,1.642092999844E12,0
2.66678,2.90521,1.642092999855E12,0
2.66031,2.9062,1.642092999865E12,0
2.65671,2.89714,1.642092999875E12,0
2.6442,2.88557,1.642092999885E12,0
2.65039,2.8873,1.642092999895E12,0
2.66132,2.87367,1.642092999906E12,0
2.67006,2.86252,1.642092999916E12,0
2.65508,2.86681,1.642092999926E12,0
2.66289,2.8674,1.642092999936E12,0
2.66425,2.88109,1.642092999946E12,0
2.68855,2.87083,1.642092999956E12,0
2.67261,2.8681,1.642092999967E12,0
2.65839,2.86992,1.642092999977E12,0
2.67641,2.87782,1.642092999987E12,0
2.6794,2.88428,1.642092999997E12,0
2.69881,2.8878,1.642093000007E12,0
2.62506,2.87897,1.642093000017E12,0
2.63576,2.87186,1.642093000028E12,0
2.63115,2.86938,1.642093000038E12,0
2.70818,2.88036,1.642093000048E12,0
2.7058,2.88966,1.642093000058E12,0
2.71794,2.89571,1.642093000068E12,0
2.72217,2.88889,1.642093000079E12,0
2.72968,2.89957,1.642093000089E12,0
2.71877,2.89664,1.642093000099E12,0
2.72733,2.9101,1.642093000109E12,0
2.72693,2.91481,1.64209300012E12,0
2.73485,2.92171,1.64209300013E12,0
2.73936,2.92639,1.64209300014E12,0
2.74509,2.91211,1.64209300015E12,0
2.76262,2.90295,1.64209300016E12,0
2.67012,2.89833,1.64209300017E12,0
2.67076,2.92409,1.642093000181E12,0
2.64755,2.9444,1.642093000191E12,0
2.72298,2.94614,1.642093000201E12,0
2.75374,2.90967,1.642093000211E12,0
2.80666,2.92328,1.642093000222E12,0
2.82117,2.9241,1.642093000232E12,0
2.85007,2.89903,1.642093000242E12,0
2.76083,2.93159,1.642093000252E12,0
2.7809,2.92926,1.642093000262E12,0
2.77258,2.92694,1.642093000273E12,0
2.85712,2.88924,1.642093000283E12,0
2.84778,2.89128,1.642093000293E12,0
2.84488,2.89944,1.642093000303E12,0
2.86249,2.89023,1.642093000313E12,0
2.8495,2.88753,1.642093000323E12,0
2.83418,2.89774,1.642093000334E12,0
2.82047,2.89746,1.642093000344E12,0
2.83446,2.90135,1.642093000354E12,0
2.85921,2.89905,1.642093000364E12,0
2.85904,2.90118,1.642093000374E12,0
2.8689,2.90216,1.642093000385E12,0
2.87733,2.89236,1.642093000395E12,0
2.87587,2.88835,1.642093000405E12,0
2.85358,2.89311,1.642093000415E12,0
2.85866,2.88585,1.642093000425E12,0
2.8627,2.90523,1.642093000435E12,0
2.85834,2.89462,1.642093000445E12,0
2.82701,2.88858,1.642093000456E12,0
2.82063,2.89445,1.642093000466E12,0
2.82639,2.89586,1.642093000476E12,0
2.81842,2.89661,1.642093000486E12,0
2.81621,2.88197,1.642093000496E12,0
2.82149,2.8748,1.642093000507E12,0
2.8699,2.90205,1.642093000517E12,0
3.05672,2.91679,1.642093000527E12,0
3.04082,2.92522,1.642093000537E12,0
3.00578,2.91457,1.642093000547E12,0
2.81433,2.90489,1.642093000558E12,0
2.80756,2.89177,1.642093000568E12,0
2.82332,2.89377,1.642093000578E12,0
2.83452,2.91277,1.642093000588E12,0
2.83301,2.92717,1.642093000598E12,0
2.83348,2.9192,1.642093000608E12,0
2.8244,2.95224,1.642093000619E12,0
2.82385,2.95282,1.642093000629E12,0
2.80023,2.94841,1.642093000639E12,0
2.81329,2.91235,1.642093000649E12,0
2.81775,2.91077,1.642093000659E12,0
2.84155,2.93585,1.64209300067E12,0
2.83504,2.94052,1.64209300068E12,0
2.82841,2.93565,1.64209300069E12,0
2.81694,2.91672,1.6420930007E12,0
2.81995,2.89476,1.64209300071E12,0
2.82147,2.89777,1.64209300072E12,0
2.84523,2.89468,1.642093000731E12,0
2.85387,2.90384,1.642093000741E12,0
2.85376,2.89977,1.642093000751E12,0
2.83528,2.90152,1.642093000761E12,0
2.82126,2.91177,1.642093000772E12,0
2.82106,2.90331,1.642093000782E12,0
2.78923,2.89377,1.642093000792E12,0
2.78195,2.88431,1.642093000802E12,0
2.77917,2.88834,1.642093000812E12,0
2.79666,2.9108,1.642093000823E12,0
2.8092,2.89458,1.642093000833E12,0
0.0,2.90059,1.642093000843E12,0
2.6602,2.93437,1.642093000854E12,0
2.62466,2.903,1.642093000864E12,0
0.0,2.90028,1.642093000874E12,0
2.65257,2.89195,1.642093000884E12,0
2.67172,2.88374,1.642093000894E12,0
2.73895,2.88292,1.642093000905E12,0
2.7262,2.88087,1.642093000915E12,0
2.64412,2.88277,1.642093000925E12,0
0.0,2.88338,1.642093000935E12,0
2.5182,2.88339,1.642093000945E12,0
2.67387,2.88156,1.642093000955E12,0
0.0,2.87674,1.642093000965E12,0
2.66661,2.8629,1.642093000976E12,0
2.55136,2.85321,1.642093000986E12,0
2.65831,2.85085,1.642093000996E12,0
2.65189,2.85892,1.642093001006E12,0
2.66577,2.8607,1.642093001016E12,0
0.0,2.86542,1.642093001026E12,0
2.53864,2.86247,1.642093001037E12,0
2.52658,2.86559,1.642093001047E12,0
0.0,2.85336,1.642093001057E12,0
2.53833,2.86903,1.642093001067E12,0
2.4884,2.86926,1.642093001077E12,0
0.0,2.87004,1.642093001087E12,0
2.47975,2.82446,1.642093001098E12,0
2.54279,2.81474,1.642093001108E12,0
0.0,2.80977,1.642093001118E12,0
2.54669,2.83627,1.642093001128E12,0
2.49432,2.82872,1.642093001138E12,0
0.0,2.8298,1.642093001149E12,0
2.47121,2.82523,1.642093001159E12,0
2.47397,2.8242,1.642093001169E12,0
0.0,2.82137,1.642093001179E12,0
2.49464,2.83154,1.64209300119E12,0
2.62953,2.83307,1.6420930012E12,0
2.6906,2.83427,1.64209300121E12,0
2.68958,2.82735,1.64209300122E12,0
2.65955,2.8302,1.64209300123E12,0
2.69119,2.82672,1.642093001241E12,0
2.73499,2.81573,1.642093001251E12,0
2.71121,2.83716,1.642093001261E12,0
2.68272,2.83505,1.642093001271E12,0
2.65802,2.80605,1.642093001281E12,0
2.70262,2.82297,1.642093001292E12,0
2.71423,2.83156,1.642093001302E12,0
2.73477,2.84038,1.642093001312E12,0
2.71822,2.83672,1.642093001322E12,0
2.73494,2.83357,1.642093001332E12,0
2.72676,2.8239,1.642093001343E12,0
2.7204,2.83711,1.642093001353E12,0
2.73601,2.83817,1.642093001363E12,0
2.75101,2.8541,1.642093001373E12,0
2.74109,2.83876,1.642093001383E12,0
2.71272,2.83578,1.642093001394E12,0
2.70789,2.8485,1.642093001404E12,0
2.72676,2.8376,1.642093001414E12,0
2.71512,2.84079,1.642093001424E12,0
2.71825,2.80139,1.642093001434E12,0
2.70723,2.80042,1.642093001445E12,0
2.70679,2.79726,1.642093001455E12,0
2.70486,2.81245,1.642093001465E12,0
2.71899,2.82445,1.642093001475E12,0
2.73608,2.82419,1.642093001485E12,0
2.73973,2.83395,1.642093001496E12,0
2.7278,2.83904,1.642093001506E12,0
2.71367,2.82974,1.642093001516E12,0
2.69273,2.82681,1.642093001526E12,0
2.70331,2.81363,1.642093001536E12,0
2.69946,2.82326,1.642093001547E12,0
2.72577,2.77249,1.642093001557E12,0
2.70331,2.78064,1.642093001567E12,0
2.68806,2.79123,1.642093001577E12,0
2.74988,2.82133,1.642093001587E12,0
2.98093,2.82628,1.642093001598E12,0
3.00511,2.84607,1.642093001608E12,0
2.95659,2.8571,1.642093001618E12,0
2.96422,2.88649,1.642093001628E12,0
2.95248,2.85449,1.642093001638E12,0
2.96547,2.84294,1.642093001649E12,0
2.99281,2.77069,1.642093001659E12,0
2.99695,2.78851,1.642093001669E12,0
2.97868,2.79764,1.642093001679E12,0
2.9153,2.82419,1.642093001689E12,0
2.91266,2.84004,1.6420930017E12,0
2.91759,2.81721,1.64209300171E12,0
2.98322,0.0,1.64209300172E12,0
2.98798,2.89911,1.64209300173E12,0
2.98088,2.90942,1.642093001741E12,0
2.74924,2.93784,1.642093001751E12,0
2.74051,2.83588,1.642093001761E12,0
2.74681,2.81494,1.642093001771E12,0
2.75084,2.83263,1.642093001781E12,0
2.759,2.83086,1.642093001792E12,0
2.77888,2.87456,1.642093001802E12,0
2.99754,2.83447,1.642093001812E12,0
2.99722,2.823,1.642093001822E12,0
2.99669,2.79092,1.642093001832E12,0
2.78648,2.79883,1.642093001842E12,0
2.78442,2.83284,1.642093001853E12,0
0.0,2.84967,1.642093001863E12,0
2.77357,2.83363,1.642093001873E12,0
2.75894,2.79369,1.642093001883E12,0
2.70027,2.80199,1.642093001893E12,0
2.70731,2.81055,1.642093001904E12,0
2.71045,2.80643,1.642093001914E12,0
2.74348,2.78137,1.642093001924E12,0
2.83246,2.77455,1.642093001934E12,0
2.83536,2.80222,1.642093001944E12,0
2.82149,2.80057,1.642093001955E12,0
2.7366,2.78011,1.642093001965E12,0
2.73206,2.80084,1.642093001975E12,0
2.73882,2.827,1.642093001985E12,0
2.74838,2.84082,1.642093001995E12,0
2.74051,2.80789,1.642093002005E12,0
2.74283,2.78212,1.642093002016E12,0
2.72691,2.78467,1.642093002026E12,0
2.74425,2.77603,1.642093002036E12,0
2.68202,2.78793,1.642093002046E12,0
2.68732,2.80244,1.642093002056E12,0
0.0,2.81918,1.642093002067E12,0
2.55223,2.90758,1.642093002077E12,0
2.50864,2.90102,1.642093002087E12,0
0.0,2.89816,1.642093002097E12,0
2.53874,2.86737,1.642093002107E12,0
2.56314,2.83496,1.642093002118E12,0
0.0,2.82741,1.642093002128E12,0
2.57689,2.82657,1.642093002138E12,0
2.52252,2.83369,1.642093002148E12,0
0.0,2.84148,1.642093002158E12,0
2.52026,2.85893,1.642093002168E12,0
2.55869,2.88469,1.642093002179E12,0
0.0,2.86978,1.642093002189E12,0
2.56435,2.86053,1.642093002199E12,0
2.54617,2.83716,1.642093002209E12,0
0.0,2.84793,1.642093002219E12,0
2.54758,2.8548,1.64209300223E12,0
2.57574,2.85696,1.64209300224E12,0
0.0,2.86186,1.64209300225E12,0
2.59563,2.84692,1.64209300226E12,0
2.58554,2.83604,1.64209300227E12,0
0.0,2.82674,1.64209300228E12,0
2.56964,2.83208,1.642093002291E12,0
2.54698,2.84544,1.642093002301E12,0
0.0,2.82825,1.642093002311E12,0
2.5313,2.83867,1.642093002321E12,0
2.50302,2.82108,1.642093002331E12,0
0.0,2.83876,1.642093002342E12,0
2.50784,2.80603,1.642093002352E12,0
2.47191,2.82416,1.642093002362E12,0
0.0,2.81723,1.642093002372E12,0
2.46541,2.825,1.642093002382E12,0
2.51491,2.84322,1.642093002393E12,0
0.0,2.83942,1.642093002403E12,0
2.53525,2.85463,1.642093002413E12,0
2.52293,2.82568,1.642093002423E12,0
0.0,2.82443,1.642093002433E12,0
2.50854,2.80489,1.642093002444E12,0
2.50888,2.80646,1.642093002454E12,0
0.0,2.81346,1.642093002464E12,0
2.509,2.7912,1.642093002474E12,0
2.52551,2.80832,1.642093002484E12,0
0.0,2.79601,1.642093002494E12,0
2.5262,2.81453,1.642093002505E12,0
2.51965,2.79216,1.642093002515E12,0
0.0,2.81535,1.642093002525E12,0
2.51759,2.81744,1.642093002535E12,0
2.50706,2.82256,1.642093002546E12,0
0.0,2.79373,1.642093002556E12,0
2.52145,2.80109,1.642093002566E12,0
2.53522,2.79434,1.642093002576E12,0
0.0,2.80562,1.642093002586E12,0
2.51967,2.82857,1.642093002596E12,0
2.49217,2.85062,1.642093002606E12,0
2.61122,2.85031,1.642093002617E12,0
2.5956,2.60417,1.642093002627E12,0
2.62627,2.61365,1.642093002637E12,0
2.6356,2.68494,1.642093002647E12,0
2.5511,2.69563,1.642093002657E12,0
2.5423,2.68544,1.642093002668E12,0
2.57025,2.64687,1.642093002678E12,0
2.69342,2.79308,1.642093002688E12,0
2.71497,2.78773,1.642093002698E12,0
2.67285,2.7791,1.642093002708E12,0
2.68805,2.79297,1.642093002718E12,0
2.66531,2.78612,1.642093002729E12,0
2.67647,2.75958,1.642093002739E12,0
2.70317,2.72676,1.642093002749E12,0
2.71516,2.71933,1.64209300276E12,0
2.72861,2.73553,1.64209300277E12,0
2.7267,2.77438,1.64209300278E12,0
2.74319,2.80055,1.64209300279E12,0
2.74393,2.79381,1.6420930028E12,0
2.72093,2.76913,1.642093002811E12,0
2.70186,2.76752,1.642093002821E12,0
2.68298,2.76761,1.642093002831E12,0
2.68539,2.79048,1.642093002841E12,0
2.67497,2.79858,1.642093002851E12,0
2.68288,2.90089,1.642093002861E12,0
2.68439,2.89879,1.642093002872E12,0
2.70621,2.92038,1.642093002882E12,0
2.69823,2.82138,1.642093002892E12,0
2.72032,2.8033,1.642093002902E12,0
2.6924,2.80524,1.642093002913E12,0
2.70779,2.81136,1.642093002923E12,0
2.70909,2.81949,1.642093002933E12,0
2.72716,2.82201,1.642093002943E12,0
2.72668,2.82109,1.642093002953E12,0
2.70117,2.8371,1.642093002964E12,0
2.68965,2.86011,1.642093002974E12,0
2.69406,2.85555,1.642093002984E12,0
2.70915,2.83974,1.642093002994E12,0
2.72751,2.83612,1.642093003004E12,0
2.72464,2.83235,1.642093003014E12,0
2.71613,2.8331,1.642093003025E12,0
2.71657,2.78595,1.642093003035E12,0
2.6792,2.81377,1.642093003045E12,0
2.64606,2.85376,1.642093003055E12,0
2.63425,2.82816,1.642093003065E12,0
2.63597,2.80879,1.642093003076E12,0
2.65724,2.81314,1.642093003086E12,0
2.65749,2.81834,1.642093003096E12,0
2.66592,2.82623,1.642093003106E12,0
2.66989,2.81273,1.642093003116E12,0
2.62807,2.82405,1.642093003126E12,0
2.63107,2.82224,1.642093003137E12,0
2.62486,2.81671,1.642093003147E12,0
2.64943,2.81628,1.642093003157E12,0
2.64137,2.81551,1.642093003168E12,0
2.63484,2.82494,1.642093003178E12,0
2.62849,2.8226,1.642093003188E12,0
2.63303,2.82047,1.642093003198E12,0
2.63489,2.81267,1.642093003208E12,0
2.63826,2.81264,1.642093003219E12,0
2.63921,2.81982,1.642093003229E12,0
2.64394,2.8213,1.642093003239E12,0
2.64214,2.81886,1.642093003249E12,0
2.63896,2.80507,1.642093003259E12,0
2.6404,2.81653,1.64209300327E12,0
2.65683,2.81767,1.64209300328E12,0
2.66017,2.82925,1.64209300329E12,0
2.66417,2.82213,1.6420930033E12,0
2.65521,2.83014,1.64209300331E12,0
2.66331,2.82758,1.642093003321E12,0
2.6675,2.83929,1.642093003331E12,0
2.66664,2.84717,1.642093003341E12,0
2.6636,2.84018,1.642093003351E12,0
2.66106,2.84026,1.642093003361E12,0
2.6666,2.83513,1.642093003372E12,0
2.66971,2.83755,1.642093003382E12,0
2.67436,2.83672,1.642093003392E12,0
2.67099,2.8476,1.642093003402E12,0
2.67395,2.85577,1.642093003412E12,0
2.67892,2.85492,1.642093003423E12,0
2.68269,2.84259,1.642093003433E12,0
2.683,2.84358,1.642093003443E12,0
2.67944,2.85443,1.642093003453E12,0
2.68506,2.87036,1.642093003463E12,0
2.68605,2.87346,1.642093003474E12,0
2.70038,2.88344,1.642093003484E12,0
2.70428,2.88992,1.642093003494E12,0
2.71747,2.88948,1.642093003504E12,0
2.71361,2.89542,1.642093003514E12,0
2.72063,2.91452,1.642093003524E12,0
2.71951,2.92413,1.642093003535E12,0
2.72964,2.9286,1.642093003545E12,0
2.72923,2.90813,1.642093003555E12,0
2.74774,2.91801,1.642093003565E12,0
2.75702,2.9193,1.642093003575E12,0
2.76768,2.93945,1.642093003585E12,0
2.76184,2.94156,1.642093003596E12,0
2.76579,2.94827,1.642093003606E12,0
2.7683,2.95946,1.642093003616E12,0
2.77972,2.97392,1.642093003626E12,0
2.79559,2.98535,1.642093003636E12,0
2.79932,2.97989,1.642093003646E12,0
2.81299,2.97914,1.642093003657E12,0
2.82286,2.99333,1.642093003667E12,0
2.81454,3.01556,1.642093003677E12,0
2.81715,3.02722,1.642093003687E12,0
2.82304,3.03172,1.642093003697E12,0
2.81772,3.03818,1.642093003708E12,0
2.81229,3.04077,1.642093003718E12,0
2.8143,3.06171,1.642093003728E12,0
2.86592,3.09157,1.642093003738E12,0
0.0,3.08636,1.642093003748E12,0
2.50375,3.05333,1.642093003758E12,0
2.21404,2.97278,1.642093003769E12,0
2.52356,2.97861,1.642093003779E12,0
2.5916,0.0,1.642093003789E12,0
2.64857,0.0,1.642093003799E12,0
0.0,2.60542,1.642093003809E12,0
2.12053,0.0,1.64209300382E12,0
2.20111,2.79285,1.64209300383E12,0
2.68489,2.98067,1.64209300384E12,0
2.68568,2.98615,1.64209300385E12,0
2.77357,2.98909,1.64209300386E12,0
2.63553,3.0108,1.642093003871E12,0
2.93768,3.00514,1.642093003881E12,0
2.97433,3.09367,1.642093003891E12,0
2.98125,3.11919,1.642093003901E12,0
2.96684,3.11903,1.642093003911E12,0
2.97804,3.14075,1.642093003921E12,0
2.98607,3.13629,1.642093003932E12,0
2.9827,3.15564,1.642093003942E12,0
2.96951,3.16731,1.642093003952E12,0
2.97415,3.16907,1.642093003962E12,0
2.97586,3.16136,1.642093003973E12,0
2.98254,3.15765,1.642093003983E12,0
2.97943,3.1649,1.642093003993E12,0
2.98726,3.16805,1.642093004003E12,0
2.98517,3.18742,1.642093004014E12,0
3.00911,3.17548,1.642093004024E12,0
3.01941,3.17354,1.642093004034E12,0
3.00333,3.18347,1.642093004044E12,0
2.98148,3.18774,1.642093004054E12,0
2.97205,3.17838,1.642093004065E12,0
2.98558,3.16811,1.642093004076E12,0
2.99231,3.17137,1.642093004086E12,0
2.98898,3.18135,1.642093004096E12,0
2.97002,3.16634,1.642093004106E12,0
2.97063,3.15784,1.642093004116E12,0
2.95554,3.13705,1.642093004127E12,0
2.96094,3.12724,1.642093004137E12,0
2.94887,3.11505,1.642093004147E12,0
2.98819,3.12794,1.642093004157E12,0
2.99126,3.13234,1.642093004167E12,0
2.97635,3.12454,1.642093004177E12,0
2.94182,3.09401,1.642093004188E12,0
2.951,3.05756,1.642093004198E12,0
2.9552,3.06664,1.642093004208E12,0
2.95244,3.04279,1.642093004218E12,0
2.93158,3.05083,1.642093004229E12,0
2.94582,3.05229,1.642093004239E12,0
2.93631,3.06447,1.642093004249E12,0
2.92773,3.04675,1.642093004259E12,0
2.89922,3.03163,1.642093004269E12,0
2.89191,3.02185,1.64209300428E12,0
2.86621,3.01749,1.64209300429E12,0
2.86394,3.01445,1.6420930043E12,0
2.87901,3.00578,1.64209300431E12,0
2.90623,3.02463,1.64209300432E12,0
2.91624,3.00902,1.64209300433E12,0
2.88022,2.99763,1.642093004341E12,0
2.87825,2.9761,1.642093004351E12,0
2.85504,2.97592,1.642093004361E12,0
2.86533,2.95782,1.642093004371E12,0
2.85406,2.9445,1.642093004381E12,0
2.86218,2.97096,1.642093004391E12,0
2.86307,2.98898,1.642093004402E12,0
2.86023,2.99445,1.642093004412E12,0
2.8416,2.96031,1.642093004422E12,0
2.81723,2.95583,1.642093004432E12,0
2.73354,2.9519,1.642093004443E12,0
2.72958,2.94563,1.642093004453E12,0
2.73584,2.93451,1.642093004463E12,0
2.79845,2.95447,1.642093004473E12,0
2.81038,2.97115,1.642093004483E12,0
2.79655,2.9828,1.642093004494E12,0
2.80998,2.98586,1.642093004504E12,0
2.80748,2.98351,1.642093004514E12,0
2.8134,2.96968,1.642093004524E12,0
2.7374,2.93495,1.642093004534E12,0
2.73613,2.9254,1.642093004544E12,0
2.72057,2.92197,1.642093004555E12,0
2.73192,2.92957,1.642093004565E12,0
2.73134,2.92358,1.642093004575E12,0
2.74733,2.9211,1.642093004585E12,0
2.74097,2.91463,1.642093004595E12,0
2.71614,2.90674,1.642093004606E12,0
2.68492,2.94342,1.642093004616E12,0
2.77592,2.96132,1.642093004626E12,0
2.78036,2.95776,1.642093004636E12,0
2.7728,2.94603,1.642093004646E12,0
2.74745,2.9402,1.642093004657E12,0
2.76755,2.94704,1.642093004667E12,0
2.78389,2.95229,1.642093004677E12,0
2.77585,2.94133,1.642093004687E12,0
2.74814,2.93159,1.642093004697E12,0
2.75299,2.93961,1.642093004708E12,0
2.75615,2.94499,1.642093004718E12,0
2.74594,2.94463,1.642093004728E12,0
2.73961,2.92876,1.642093004738E12,0
2.67575,2.9059,1.642093004748E12,0
2.70422,2.89806,1.642093004759E12,0
2.70844,2.89462,1.642093004769E12,0
2.79521,2.89409,1.642093004779E12,0
2.77597,2.91457,1.642093004789E12,0
2.76991,2.9249,1.642093004799E12,0
2.75137,2.9247,1.64209300481E12,0
2.77501,2.91682,1.64209300482E12,0
2.78116,2.91924,1.64209300483E12,0
2.79265,2.92476,1.64209300484E12,0
2.7774,2.9303,1.64209300485E12,0
2.77435,2.92767,1.642093004861E12,0
2.77647,2.92451,1.642093004871E12,0
2.76698,2.91223,1.642093004881E12,0
2.75409,2.91539,1.642093004891E12,0
2.72267,2.93958,1.642093004901E12,0
2.73267,2.93947,1.642093004912E12,0
2.73892,2.92253,1.642093004922E12,0
2.73756,2.894,1.642093004932E12,0
2.74402,2.8941,1.642093004942E12,0
2.73836,2.91617,1.642093004952E12,0
2.77148,2.92595,1.642093004963E12,0
2.76947,2.93271,1.642093004973E12,0
2.78406,2.94301,1.642093004983E12,0
2.72061,2.95129,1.642093004993E12,0
2.73788,2.94591,1.642093005003E12,0
2.73309,2.93901,1.642093005014E12,0
2.79195,2.93903,1.642093005024E12,0
2.78893,2.94754,1.642093005034E12,0
2.79483,2.93925,1.642093005044E12,0
2.79231,2.94664,1.642093005054E12,0
2.79535,2.94661,1.642093005064E12,0
2.78989,2.96303,1.642093005075E12,0
2.77478,2.94019,1.642093005085E12,0
2.78105,2.9314,1.642093005095E12,0
2.79901,2.92221,1.642093005105E12,0
2.83214,2.93617,1.642093005115E12,0
2.82219,2.94138,1.642093005126E12,0
2.80473,2.95505,1.642093005136E12,0
2.80667,2.96657,1.642093005146E12,0
2.80968,2.97621,1.642093005156E12,0
2.82188,2.99341,1.642093005166E12,0
2.79283,2.97688,1.642093005176E12,0
2.80188,2.9705,1.642093005187E12,0
2.79019,2.9693,1.642093005197E12,0
2.79974,2.98943,1.642093005207E12,0
2.81306,2.995,1.642093005217E12,0
2.84732,2.98058,1.642093005227E12,0
2.84384,3.02351,1.642093005238E12,0
2.82413,3.01765,1.642093005248E12,0
2.81291,2.96594,1.642093005258E12,0
2.83817,2.9292,1.642093005268E12,0
2.84297,2.9348,1.642093005279E12,0
2.8653,2.95244,1.642093005289E12,0
2.86766,2.95026,1.642093005299E12,0
2.87453,2.95364,1.642093005309E12,0
2.85631,2.94643,1.642093005319E12,0
2.84311,2.95488,1.64209300533E12,0
2.84232,2.94836,1.64209300534E12,0
2.84064,2.92836,1.64209300535E12,0
2.80695,2.91287,1.64209300536E12,0
2.79807,2.91483,1.64209300537E12,0
2.79672,2.93549,1.642093005381E12,0
2.84126,2.93619,1.642093005391E12,0
2.85136,2.94217,1.642093005401E12,0
2.8485,2.94247,1.642093005412E12,0
2.85132,2.93642,1.642093005422E12,0
2.84924,2.96236,1.642093005432E12,0
2.84448,2.94376,1.642093005442E12,0
2.83777,2.95813,1.642093005453E12,0
2.8399,2.9313,1.642093005463E12,0
2.85645,2.93892,1.642093005473E12,0
2.855,2.91608,1.642093005483E12,0
2.85136,2.91832,1.642093005493E12,0
2.88113,2.92644,1.642093005503E12,0
2.88625,2.93681,1.642093005514E12,0
2.89276,2.9411,1.642093005524E12,0
2.87007,2.94453,1.642093005534E12,0
2.88208,2.95534,1.642093005544E12,0
2.87831,2.95427,1.642093005555E12,0
2.90211,2.95013,1.642093005565E12,0
2.89259,2.94287,1.642093005575E12,0
2.88895,2.94809,1.642093005585E12,0
2.86974,2.94902,1.642093005595E12,0
2.86192,2.95573,1.642093005606E12,0
2.86223,2.94055,1.642093005616E12,0
2.84952,2.94148,1.642093005626E12,0
2.85739,2.93004,1.642093005636E12,0
2.86668,2.94225,1.642093005646E12,0
2.89252,2.95213,1.642093005657E12,0
2.89221,2.95464,1.642093005667E12,0
2.88463,2.94876,1.642093005677E12,0
2.86894,2.96129,1.642093005687E12,0
2.86417,2.96271,1.642093005697E12,0
2.87378,2.97159,1.642093005708E12,0
2.85361,2.95609,1.642093005718E12,0
2.84485,2.96199,1.642093005728E12,0
2.84306,2.95947,1.642093005738E12,0
2.83038,2.95247,1.642093005748E12,0
2.83539,2.95946,1.642093005758E12,0
2.8304,2.94986,1.642093005769E12,0
2.84586,2.95122,1.642093005779E12,0
2.85065,2.93008,1.642093005789E12,0
2.85213,2.93605,1.642093005799E12,0
2.86858,2.94249,1.64209300581E12,0
2.87108,2.95537,1.64209300582E12,0
2.87053,2.94324,1.64209300583E12,0
2.89565,2.94933,1.64209300584E12,0
2.8994,2.94273,1.64209300585E12,0
2.89758,2.95326,1.64209300586E12,0
2.87625,2.93259,1.64209300587E12,0
2.86908,2.92743,1.642093005881E12,0
2.86613,2.91963,1.642093005891E12,0
2.85606,2.92116,1.642093005901E12,0
2.85193,2.93639,1.642093005911E12,0
2.85861,2.9417,1.642093005922E12,0
2.84244,2.94772,1.642093005932E12,0
2.84972,2.94754,1.642093005942E12,0
2.8494,2.95836,1.642093005952E12,0
2.85364,2.96791,1.642093005962E12,0
2.84874,2.9615,1.642093005972E12,0
2.82884,2.96696,1.642093005983E12,0
2.80482,2.95827,1.642093005995E12,0
2.81413,2.95985,1.642093006006E12,0
2.82053,2.93958,1.642093006016E12,0
2.87497,2.9472,1.642093006026E12,0
2.87901,2.97989,1.642093006036E12,0
2.89067,2.9814,1.642093006046E12,0
2.88052,2.9859,1.642093006057E12,0
2.87871,2.95457,1.642093006067E12,0
2.88564,2.96799,1.642093006077E12,0
2.84529,2.96083,1.642093006087E12,0
2.84006,2.95883,1.642093006097E12,0
2.82829,2.96852,1.642093006108E12,0
2.86458,2.96547,1.642093006118E12,0
2.87038,2.96724,1.642093006128E12,0
2.88292,2.96957,1.642093006138E12,0
2.89592,2.98167,1.642093006148E12,0
2.90134,3.00662,1.642093006158E12,0
2.8998,3.00336,1.642093006169E12,0
2.88095,3.0014,1.642093006179E12,0
2.87651,3.03616,1.642093006189E12,0
2.88155,3.04312,1.642093006199E12,0
2.88824,3.06163,1.642093006209E12,0
2.899,3.04279,1.64209300622E12,0
2.90205,3.05544,1.64209300623E12,0
2.90523,3.05579,1.64209300624E12,0
2.90396,3.04665,1.64209300625E12,0
2.90405,3.03828,1.642093006261E12,0
2.90311,3.05133,1.642093006271E12,0
2.91658,3.06541,1.642093006281E12,0
2.92824,3.06744,1.642093006291E12,0
2.93503,3.10048,1.642093006301E12,0
2.92856,3.10117,1.642093006312E12,0
2.91907,3.10924,1.642093006322E12,0
2.93187,3.08563,1.642093006332E12,0
2.92172,3.09282,1.642093006342E12,0
2.92955,3.12762,1.642093006352E12,0
2.94936,3.13527,1.642093006363E12,0
2.97334,3.15067,1.642093006373E12,0
2.97423,3.12425,1.642093006383E12,0
2.97321,3.13525,1.642093006393E12,0
2.97726,3.13611,1.642093006404E12,0
2.99911,3.14859,1.642093006414E12,0
2.9861,3.16039,1.642093006424E12,0
2.98529,3.16821,1.642093006434E12,0
2.96964,3.16623,1.642093006444E12,0
2.97737,3.15895,1.642093006455E12,0
2.9977,3.15396,1.642093006465E12,0
2.98528,3.15388,1.642093006475E12,0
3.00111,3.1754,1.642093006486E12,0
2.98767,3.17834,1.642093006496E12,0
3.00438,3.18887,1.642093006506E12,0
2.99615,3.19051,1.642093006516E12,0
2.99171,3.19766,1.642093006526E12,0
2.99341,3.19312,1.642093006536E12,0
2.99939,3.20444,1.642093006547E12,0
3.00821,3.2032,1.642093006557E12,0
3.02155,3.21335,1.642093006567E12,0
3.03876,3.21367,1.642093006577E12,0
3.03717,3.22084,1.642093006587E12,0
3.03381,3.22743,1.642093006598E12,0
3.02219,3.21461,1.642093006608E12,0
2.94604,3.21805,1.642093006618E12,0
2.95142,3.20879,1.642093006628E12,0
2.96222,3.22499,1.642093006638E12,0
3.04692,3.22412,1.642093006648E12,0
3.03741,3.21797,1.642093006659E12,0
3.03545,3.20599,1.642093006669E12,0
3.02583,3.20641,1.642093006679E12,0
3.03142,3.20508,1.642093006689E12,0
3.00735,3.1989,1.6420930067E12,0
3.01324,3.18964,1.64209300671E12,0
3.00787,3.18706,1.64209300672E12,0
3.01779,3.20576,1.64209300673E12,0
3.01419,3.19107,1.642093006741E12,0
3.01677,3.19809,1.642093006751E12,0
3.01076,3.18398,1.642093006761E12,0
2.99306,3.19518,1.642093006771E12,0
2.98447,3.19786,1.642093006781E12,0
2.98312,3.20944,1.642093006792E12,0
2.91043,3.21442,1.642093006802E12,0
2.91893,3.20996,1.642093006812E12,0
2.91833,3.20345,1.642093006822E12,0
2.97531,3.18703,1.642093006832E12,0
2.97156,3.19641,1.642093006843E12,0
2.97072,3.19119,1.642093006853E12,0
2.99313,3.18977,1.642093006863E12,0
2.99393,3.17087,1.642093006873E12,0
3.00558,3.17322,1.642093006883E12,0
3.00194,3.16736,1.642093006893E12,0
3.00038,3.1759,1.642093006904E12,0
2.97629,3.17232,1.642093006914E12,0
2.98743,3.16522,1.642093006924E12,0
2.98471,3.16766,1.642093006934E12,0
2.98993,3.17085,1.642093006944E12,0
2.99599,3.16867,1.642093006955E12,0
3.00217,3.16808,1.642093006965E12,0
3.01495,3.15558,1.642093006975E12,0
3.00314,3.172,1.642093006985E12,0
3.01018,3.16458,1.642093006995E12,0
3.0069,3.17651,1.642093007005E12,0
3.02528,3.16176,1.642093007016E12,0
3.00111,3.17149,1.642093007026E12,0
3.00482,3.16539,1.642093007036E12,0
2.99638,3.17894,1.642093007046E12,0
3.00826,3.18051,1.642093007056E12,0
2.99454,3.17921,1.642093007067E12,0
3.00438,3.18457,1.642093007077E12,0
2.99789,3.18617,1.642093007087E12,0
2.99217,3.18428,1.642093007097E12,0
2.97307,3.17526,1.642093007107E12,0
2.9644,3.17235,1.642093007118E12,0
2.97337,3.17729,1.642093007128E12,0
2.97194,3.17177,1.642093007138E12,0
2.98813,3.17249,1.642093007148E12,0
3.0061,3.17024,1.642093007159E12,0
3.02582,3.19238,1.642093007169E12,0
3.03633,3.18634,1.642093007179E12,0
2.998,3.21187,1.642093007189E12,0
2.99448,3.22922,1.642093007199E12,0
3.0014,3.23875,1.64209300721E12,0
2.99486,3.26476,1.64209300722E12,0
2.98376,3.26584,1.64209300723E12,0
2.98201,3.23889,1.64209300724E12,0
2.99168,3.23347,1.64209300725E12,0
2.99442,3.21793,1.642093007261E12,0
2.98991,3.22998,1.642093007271E12,0
2.97694,3.22263,1.642093007281E12,0
2.98239,3.23497,1.642093007291E12,0
2.98103,3.23367,1.642093007301E12,0
2.99414,3.24261,1.642093007311E12,0
2.98041,3.2388,1.642093007322E12,0
2.98438,3.24684,1.642093007332E12,0
2.98515,3.23601,1.642093007342E12,0
2.96236,3.21754,1.642093007352E12,0
2.95395,3.20503,1.642093007362E12,0
2.96094,3.21227,1.642093007373E12,0
2.97881,3.23967,1.642093007383E12,0
2.99504,3.24171,1.642093007393E12,0
2.97295,3.24513,1.642093007403E12,0
2.96455,3.22597,1.642093007413E12,0
2.93987,3.22707,1.642093007423E12,0
2.94643,3.21687,1.642093007434E12,0
2.96385,3.2184,1.642093007444E12,0
2.97781,3.21492,1.642093007454E12,0
2.98135,3.20831,1.642093007464E12,0
2.98232,3.21547,1.642093007474E12,0
2.97345,3.19528,1.642093007484E12,0
2.96727,3.19406,1.642093007495E12,0
2.9561,3.17583,1.642093007505E12,0
2.95134,3.19395,1.642093007515E12,0
2.95502,3.19284,1.642093007525E12,0
2.94864,3.19904,1.642093007535E12,0
2.96806,3.19853,1.642093007545E12,0
2.95128,3.19318,1.642093007556E12,0
2.98878,3.19229,1.642093007566E12,0
0.0,3.18245,1.642093007576E12,0
2.9464,3.19009,1.642093007586E12,0
2.91008,3.1808,1.642093007596E12,0
2.9664,3.18813,1.642093007607E12,0
2.95897,3.19249,1.642093007617E12,0
2.94798,3.19492,1.642093007627E12,0
2.98656,3.18683,1.642093007637E12,0
2.99017,3.17322,1.642093007648E12,0
2.99669,3.17493,1.642093007658E12,0
2.95096,3.18051,1.642093007668E12,0
2.9442,3.19269,1.642093007678E12,0
2.94649,3.21759,1.642093007688E12,0
2.96245,3.24242,1.642093007699E12,0
3.02072,3.17569,1.642093007709E12,0
3.03842,3.13605,1.642093007719E12,0
3.01193,3.12973,1.642093007729E12,0
3.00732,3.1291,1.64209300774E12,0
2.98497,3.12312,1.64209300775E12,0
2.99554,3.11366,1.64209300776E12,0
3.00212,3.1254,1.64209300777E12,0
3.02715,3.13995,1.64209300778E12,0
3.01566,3.14571,1.642093007791E12,0
3.01413,3.12665,1.642093007801E12,0
2.97098,3.11366,1.642093007811E12,0
2.9729,3.10162,1.642093007821E12,0
2.96504,3.11308,1.642093007831E12,0
2.97203,3.10539,1.642093007842E12,0
2.96689,3.09998,1.642093007852E12,0
2.95386,3.10466,1.642093007862E12,0
2.95415,3.10922,1.642093007872E12,0
2.96054,3.1151,1.642093007883E12,0
2.9632,3.11212,1.642093007893E12,0
2.96754,3.10617,1.642093007903E12,0
2.96033,3.10187,1.642093007913E12,0
2.9644,3.09613,1.642093007923E12,0
2.94598,3.09116,1.642093007934E12,0
2.92854,3.08673,1.642093007944E12,0
2.94725,3.0903,1.642093007954E12,0
2.96294,3.09724,1.642093007964E12,0
2.97952,3.10045,1.642093007974E12,0
2.96455,3.08247,1.642093007984E12,0
2.96538,3.08421,1.642093007995E12,0
2.9567,3.08176,1.642093008005E12,0
2.96074,3.08894,1.642093008015E12,0
2.96039,3.0778,1.642093008025E12,0
2.97884,3.09064,1.642093008035E12,0
2.97768,3.09982,1.642093008045E12,0
2.99167,3.11856,1.642093008056E12,0
2.98996,3.10667,1.642093008066E12,0
2.97995,3.108,1.642093008076E12,0
2.96954,3.09798,1.642093008086E12,0
2.9752,3.10542,1.642093008096E12,0
2.99693,3.10362,1.642093008107E12,0
2.99806,3.11914,1.642093008117E12,0
2.99765,3.11606,1.642093008127E12,0
2.9772,3.10548,1.642093008137E12,0
2.96986,3.09731,1.642093008147E12,0
2.96631,3.0976,1.642093008157E12,0
2.97496,3.10417,1.642093008168E12,0
2.98344,3.10527,1.642093008178E12,0
2.98439,3.10854,1.642093008188E12,0
2.98314,3.11504,1.642093008198E12,0
2.96996,3.08047,1.642093008208E12,0
2.97261,3.09966,1.642093008219E12,0
2.97304,3.09676,1.642093008229E12,0
2.98164,3.13594,1.642093008239E12,0
2.97437,3.11111,1.642093008249E12,0
2.97157,3.10608,1.64209300826E12,0
2.96815,3.11629,1.64209300827E12,0
2.97223,3.11986,1.64209300828E12,0
2.97858,3.13364,1.64209300829E12,0
2.98492,3.129,1.642093008301E12,0
2.98524,3.13278,1.642093008311E12,0
2.9881,3.12228,1.642093008321E12,0
2.97971,3.12048,1.642093008331E12,0
2.98764,3.1281,1.642093008341E12,0
2.98061,3.14995,1.642093008351E12,0
2.99245,3.15411,1.642093008362E12,0
3.00127,3.15919,1.642093008372E12,0
3.00591,3.14803,1.642093008382E12,0
3.0134,3.14977,1.642093008392E12,0
3.004,3.14305,1.642093008402E12,0
3.0164,3.1524,1.642093008413E12,0
3.01636,3.15112,1.642093008423E12,0
3.00435,3.15282,1.642093008433E12,0
2.99142,3.13696,1.642093008443E12,0
3.04482,3.13078,1.642093008454E12,0
3.05232,3.13121,1.642093008464E12,0
3.04883,3.14754,1.642093008474E12,0
2.9884,3.14659,1.642093008484E12,0
2.99007,3.134,1.642093008494E12,0
2.98708,3.134,1.642093008505E12,0
2.98216,3.13107,1.642093008515E12,0
2.98428,3.13742,1.642093008525E12,0
2.97246,3.11548,1.642093008535E12,0
2.97679,3.12296,1.642093008546E12,0
2.97925,3.11908,1.642093008556E12,0
2.98848,3.13742,1.642093008566E12,0
2.98505,3.14601,1.642093008576E12,0
2.97742,3.15512,1.642093008586E12,0
2.98871,3.15181,1.642093008597E12,0
3.12755,3.14542,1.642093008607E12,0
3.13094,3.15187,1.642093008617E12,0
3.11519,3.15521,1.642093008627E12,0
2.97829,3.13541,1.642093008637E12,0
2.97475,3.1145,1.642093008647E12,0
2.9847,3.10362,1.642093008658E12,0
2.98813,3.11646,1.642093008668E12,0
2.99879,3.11942,1.642093008678E12,0
2.99626,3.12918,1.642093008688E12,0
2.97536,3.13062,1.642093008698E12,0
2.95436,3.12343,1.642093008709E12,0
2.94264,3.11534,1.642093008719E12,0
2.94743,3.10768,1.642093008729E12,0
2.95064,3.11714,1.642093008739E12,0
2.94666,3.12367,1.642093008749E12,0
2.95171,3.13055,1.64209300876E12,0
2.95818,3.12981,1.64209300877E12,0
2.96516,3.13187,1.64209300878E12,0
2.96732,3.11971,1.64209300879E12,0
2.97319,3.12456,1.6420930088E12,0
2.96622,3.10422,1.64209300881E12,0
2.96243,3.1162,1.642093008821E12,0
2.95802,3.11377,1.642093008831E12,0
2.95428,3.12379,1.642093008841E12,0
2.95476,3.12146,1.642093008851E12,0
2.95906,3.11833,1.642093008862E12,0
2.96901,3.11209,1.642093008872E12,0
2.9742,3.10918,1.642093008882E12,0
2.97131,3.10783,1.642093008892E12,0
2.96301,3.11357,1.642093008902E12,0
2.96379,3.11972,1.642093008912E12,0
2.96674,3.13535,1.642093008923E12,0
2.97958,3.14343,1.642093008933E12,0
2.98119,3.13527,1.642093008943E12,0
2.97119,3.13266,1.642093008953E12,0
2.95694,3.1302,1.642093008963E12,0
2.94504,3.14188,1.642093008973E12,0
2.94264,3.13225,1.642093008984E12,0
2.93201,3.12437,1.642093008994E12,0
2.94138,3.11684,1.642093009004E12,0
2.94363,3.11652,1.642093009014E12,0
2.95267,3.12602,1.642093009024E12,0
2.95555,3.12794,1.642093009034E12,0
2.95985,3.13058,1.642093009045E12,0
2.96124,3.11957,1.642093009055E12,0
2.9521,3.11716,1.642093009065E12,0
2.94444,3.11662,1.642093009076E12,0
2.94246,3.11188,1.642093009086E12,0
2.93607,3.10188,1.642093009096E12,0
2.93909,3.10457,1.642093009106E12,0
2.93539,3.11047,1.642093009116E12,0
2.95625,3.10037,1.642093009127E12,0
2.98303,3.08005,1.642093009137E12,0
2.98422,3.08353,1.642093009147E12,0
2.9769,3.09586,1.642093009157E12,0
2.95467,3.11284,1.642093009167E12,0
2.95372,3.10735,1.642093009177E12,0
2.94955,3.10443,1.642093009188E12,0
2.95413,3.1068,1.642093009198E12,0
2.9577,3.11313,1.642093009208E12,0
2.95305,3.11838,1.642093009218E12,0
2.94376,3.1172,1.642093009228E12,0
2.9344,3.10869,1.642093009238E12,0
2.9404,3.10255,1.642093009249E12,0
2.94754,3.10823,1.642093009259E12,0
2.96835,3.10428,1.642093009269E12,0
2.96802,3.10696,1.642093009279E12,0
2.96732,3.09917,1.642093009289E12,0
2.95312,3.09976,1.6420930093E12,0
2.9482,3.09404,1.64209300931E12,0
2.94099,3.08223,1.64209300932E12,0
2.92601,3.0845,1.64209300933E12,0
2.9272,3.09056,1.64209300934E12,0
2.92125,3.09425,1.642093009351E12,0
2.91901,3.07979,1.642093009361E12,0
2.91905,3.08505,1.642093009371E12,0
2.92314,3.093,1.642093009381E12,0
2.94064,3.10025,1.642093009391E12,0
2.94577,3.07448,1.642093009402E12,0
2.94733,3.0627,1.642093009412E12,0
2.95638,3.06815,1.642093009422E12,0
2.95602,3.09219,1.642093009432E12,0
2.96399,3.10077,1.642093009442E12,0
2.95601,3.10385,1.642093009453E12,0
2.95401,3.10097,1.642093009463E12,0
2.95493,3.09714,1.642093009473E12,0
2.95515,3.09096,1.642093009483E12,0
2.95183,3.08716,1.642093009493E12,0
2.93742,3.07065,1.642093009503E12,0
2.94148,3.0719,1.642093009514E12,0
2.93721,3.07402,1.642093009524E12,0
2.93741,3.08368,1.642093009534E12,0
2.93352,3.07744,1.642093009544E12,0
2.93277,3.08026,1.642093009554E12,0
2.94014,3.09448,1.642093009565E12,0
2.93948,3.10902,1.642093009575E12,0
2.94312,3.10443,1.642093009585E12,0
2.94046,3.10519,1.642093009595E12,0
2.94209,3.10217,1.642093009605E12,0
2.94466,3.10635,1.642093009616E12,0
2.9413,3.10202,1.642093009626E12,0
2.93459,3.10355,1.642093009636E12,0
2.92882,3.09535,1.642093009646E12,0
2.9375,3.09294,1.642093009656E12,0
2.94673,3.09109,1.642093009666E12,0
2.96329,3.10062,1.642093009677E12,0
2.9559,3.09032,1.642093009687E12,0
2.96416,3.09212,1.642093009697E12,0
2.95134,3.10057,1.642093009707E12,0
2.93867,3.11491,1.642093009718E12,0
2.92755,3.11584,1.642093009728E12,0
2.9256,3.09988,1.642093009738E12,0
2.94167,3.09616,1.642093009748E12,0
2.93224,3.12799,1.642093009758E12,0
2.93657,3.15483,1.642093009769E12,0
2.94557,3.14532,1.642093009779E12,0
2.90657,3.1918,1.642093009789E12,0
2.916,3.16917,1.642093009799E12,0
2.91327,3.15781,1.642093009809E12,0
2.92053,3.15007,1.64209300982E12,0
2.93015,3.14291,1.64209300983E12,0
2.93967,3.1503,1.64209300984E12,0
2.95122,3.14935,1.64209300985E12,0
2.94574,3.15997,1.64209300986E12,0
2.935,3.157,1.64209300987E12,0
2.94345,3.15556,1.642093009881E12,0
2.91319,3.1532,1.642093009891E12,0
2.90282,3.15303,1.642093009901E12,0
2.8824,3.15256,1.642093009911E12,0
2.91708,3.14502,1.642093009921E12,0
2.91632,3.14302,1.642093009932E12,0
2.91989,3.13872,1.642093009942E12,0
2.90646,3.14566,1.642093009952E12,0
2.92331,3.14899,1.642093009962E12,0
2.91597,3.1497,1.642093009973E12,0
2.89229,3.14877,1.642093009983E12,0
2.89297,3.14148,1.642093009993E12,0
2.90118,3.13972,1.642093010003E12,0
2.93254,3.1263,1.642093010013E12,0
2.96228,3.12852,1.642093010024E12,0
2.98032,3.10263,1.642093010034E12,0
2.96497,3.12111,1.642093010044E12,0
2.92706,3.11591,1.642093010054E12,0
2.91806,3.12466,1.642093010064E12,0
2.9287,3.11421,1.642093010074E12,0
2.92796,3.11807,1.642093010085E12,0
2.93196,3.1017,1.642093010095E12,0
2.93964,3.09116,1.642093010105E12,0
2.95993,3.09335,1.642093010115E12,0
2.94904,3.10738,1.642093010125E12,0
2.94664,3.10753,1.642093010135E12,0
2.9402,3.11148,1.642093010146E12,0
2.94975,3.11563,1.642093010156E12,0
2.94006,3.13255,1.642093010166E12,0
2.95316,3.14096,1.642093010176E12,0
2.96251,3.12505,1.642093010187E12,0
2.94362,3.12204,1.642093010197E12,0
2.92612,3.11082,1.642093010207E12,0
2.92508,3.12334,1.642093010217E12,0
2.94725,3.14478,1.642093010227E12,0
2.94926,3.18224,1.642093010238E12,0
2.97438,3.12531,1.642093010248E12,0
2.98676,3.11768,1.642093010258E12,0
2.98976,3.09708,1.642093010268E12,0
2.9969,3.10043,1.642093010278E12,0
3.04749,3.10315,1.642093010289E12,0
3.0358,3.08952,1.642093010299E12,0
3.03011,3.0947,1.642093010309E12,0
2.96101,3.09818,1.642093010319E12,0
2.97466,3.10127,1.64209301033E12,0
2.98895,3.10202,1.64209301034E12,0
2.99529,3.07626,1.64209301035E12,0
2.98936,3.08441,1.64209301036E12,0
2.96768,3.07376,1.642093010371E12,0
2.96179,3.08641,1.642093010381E12,0
2.96158,3.07431,1.642093010391E12,0
2.97652,3.08173,1.642093010401E12,0
2.97705,3.08865,1.642093010411E12,0
2.97261,3.06763,1.642093010421E12,0
2.97134,3.06134,1.642093010432E12,0
2.97604,3.05528,1.642093010442E12,0
2.97377,3.08392,1.642093010452E12,0
2.97087,3.09305,1.642093010462E12,0
2.97105,3.09138,1.642093010472E12,0
2.97603,3.09393,1.642093010483E12,0
2.97194,3.07465,1.642093010493E12,0
2.97441,3.07632,1.642093010503E12,0
2.96989,3.05635,1.642093010513E12,0
2.97133,3.07504,1.642093010524E12,0
2.97354,3.06805,1.642093010534E12,0
2.98407,3.0806,1.642093010544E12,0
2.98128,3.07513,1.642093010554E12,0
2.96405,3.06856,1.642093010564E12,0
2.94824,3.04778,1.642093010574E12,0
2.94257,3.04088,1.642093010585E12,0
2.94333,3.04245,1.642093010595E12,0
2.94176,3.06177,1.642093010605E12,0
2.95076,3.06003,1.642093010615E12,0
2.9631,3.06174,1.642093010625E12,0
2.98087,3.07721,1.642093010635E12,0
2.97606,3.09241,1.642093010646E12,0
2.97887,3.08148,1.642093010656E12,0
2.97675,3.07272,1.642093010666E12,0
2.9798,3.07068,1.642093010676E12,0
2.97736,3.09033,1.642093010686E12,0
2.97508,3.10286,1.642093010697E12,0
2.97766,3.10074,1.642093010707E12,0
2.9631,3.09279,1.642093010717E12,0
2.95509,3.06409,1.642093010727E12,0
2.95633,3.0694,1.642093010737E12,0
2.96736,3.05756,1.642093010747E12,0
2.96712,3.06694,1.642093010758E12,0
2.96875,3.05392,1.642093010768E12,0
2.97063,3.09479,1.642093010778E12,0
2.98257,3.10286,1.642093010788E12,0
2.97177,3.10255,1.642093010798E12,0
2.96741,3.07484,1.642093010809E12,0
2.96762,3.07191,1.642093010819E12,0
2.96898,3.07788,1.642093010829E12,0
2.97334,3.082,1.642093010839E12,0
2.97464,3.0939,1.642093010849E12,0
2.98557,3.08929,1.64209301086E12,0
2.99303,3.09311,1.64209301087E12,0
2.99068,3.0813,1.64209301088E12,0
2.99796,3.11391,1.64209301089E12,0
2.99188,3.10901,1.6420930109E12,0
3.06892,3.11473,1.64209301091E12,0
3.02545,3.16621,1.642093010921E12,0
3.0182,3.16451,1.642093010931E12,0
2.97403,3.17285,1.642093010941E12,0
2.99065,3.18773,1.642093010951E12,0
2.9792,3.20427,1.642093010962E12,0
3.20326,3.19223,1.642093010972E12,0
3.19449,3.17776,1.642093010982E12,0
3.19144,3.17876,1.642093010992E12,0
2.94888,3.18111,1.642093011002E12,0
2.95551,3.17505,1.642093011013E12,0
2.96535,3.17302,1.642093011023E12,0
0.0,3.17168,1.642093011033E12,0
2.88643,3.16898,1.642093011043E12,0
2.90062,3.1743,1.642093011053E12,0
0.0,3.17813,1.642093011064E12,0
2.89772,3.18416,1.642093011074E12,0
2.89177,3.17613,1.642093011084E12,0
2.95175,3.17421,1.642093011094E12,0
2.93974,3.15593,1.642093011104E12,0
2.92986,3.14738,1.642093011114E12,0
3.14963,3.15041,1.642093011125E12,0
3.1534,3.15678,1.642093011135E12,0
3.15335,3.17075,1.642093011145E12,0
2.94284,3.16939,1.642093011155E12,0
2.9404,3.16061,1.642093011166E12,0
2.92859,3.15279,1.642093011176E12,0
3.10884,3.15253,1.642093011186E12,0
3.11192,3.16127,1.642093011196E12,0
3.12189,3.14822,1.642093011206E12,0
2.93616,3.14278,1.642093011216E12,0
2.92427,3.14162,1.642093011227E12,0
2.92953,3.15501,1.642093011237E12,0
2.94296,3.15102,1.642093011247E12,0
2.94611,3.14238,1.642093011257E12,0
2.93272,3.12683,1.642093011267E12,0
2.95325,3.12756,1.642093011278E12,0
2.96295,3.14211,1.642093011288E12,0
2.95958,3.14323,1.642093011298E12,0
2.93269,3.14726,1.642093011308E12,0
2.92265,3.15361,1.642093011318E12,0
2.91965,3.16579,1.642093011328E12,0
2.90579,3.15948,1.642093011339E12,0
2.92166,3.13907,1.642093011349E12,0
2.94978,3.17679,1.642093011359E12,0
2.95267,3.2139,1.642093011369E12,0
2.97324,3.18976,1.64209301138E12,0
2.98933,3.13521,1.64209301139E12,0
2.99213,3.12193,1.6420930114E12,0
2.98746,3.11536,1.64209301141E12,0
2.97302,3.13712,1.64209301142E12,0
2.98003,3.11363,1.642093011431E12,0
2.97841,3.10869,1.642093011441E12,0
2.9881,3.09457,1.642093011451E12,0
2.97867,3.10982,1.642093011461E12,0
2.97551,3.11571,1.642093011471E12,0
2.95932,3.12781,1.642093011482E12,0
2.95316,3.12027,1.642093011492E12,0
2.94655,3.12021,1.642093011502E12,0
2.96024,3.10901,1.642093011512E12,0
2.95943,3.15004,1.642093011523E12,0
2.96469,3.14594,1.642093011533E12,0
2.9538,3.15448,1.642093011543E12,0
2.95583,3.10126,1.642093011553E12,0
2.96271,3.11363,1.642093011563E12,0
2.95827,3.116,1.642093011574E12,0
2.95319,3.12349,1.642093011584E12,0
2.93843,3.12381,1.642093011594E12,0
2.93533,3.12659,1.642093011605E12,0
2.94751,3.11261,1.642093011615E12,0
2.96425,3.08661,1.642093011625E12,0
2.95885,3.07433,1.642093011635E12,0
2.95323,3.08417,1.642093011645E12,0
2.95961,3.1004,1.642093011656E12,0
2.95323,3.11479,1.642093011666E12,0
2.93825,3.11172,1.642093011676E12,0
2.91438,3.10138,1.642093011686E12,0
2.91431,3.06882,1.642093011697E12,0
2.91319,3.07652,1.642093011707E12,0
2.92844,3.09389,1.642093011717E12,0
2.94206,3.09526,1.642093011727E12,0
2.95082,3.0952,1.642093011737E12,0
2.93663,3.07503,1.642093011747E12,0
2.9416,3.06793,1.642093011758E12,0
2.95444,3.05988,1.642093011768E12,0
2.95911,3.06459,1.642093011778E12,0
2.93356,3.06316,1.642093011788E12,0
2.91389,3.05318,1.642093011798E12,0
2.89795,3.05348,1.642093011809E12,0
2.91225,3.04298,1.642093011819E12,0
2.9012,3.05074,1.642093011829E12,0
2.9193,3.04315,1.642093011839E12,0
2.90935,3.00659,1.64209301185E12,0
2.91783,3.01178,1.64209301186E12,0
2.8968,3.00676,1.64209301187E12,0
2.91998,3.05524,1.642093011881E12,0
2.92728,3.05179,1.642093011891E12,0
2.92781,3.06528,1.642093011901E12,0
2.91142,3.05737,1.642093011911E12,0
2.90359,3.04276,1.642093011921E12,0
2.91481,3.02577,1.642093011932E12,0
2.86949,3.04932,1.642093011942E12,0
2.86519,3.069,1.642093011952E12,0
2.85402,3.08125,1.642093011962E12,0
2.90709,3.06999,1.642093011972E12,0
2.90698,3.06213,1.642093011983E12,0
2.90837,3.06421,1.642093011993E12,0
2.89474,3.01472,1.642093012003E12,0
2.92189,2.99992,1.642093012013E12,0
2.91577,3.00009,1.642093012023E12,0
2.89923,3.02202,1.642093012033E12,0
2.85881,3.02687,1.642093012044E12,0
2.87054,3.02737,1.642093012054E12,0
2.89528,3.03502,1.642093012064E12,0
2.89865,3.04573,1.642093012074E12,0
2.88319,3.03552,1.642093012084E12,0
2.87791,3.07544,1.642093012095E12,0
2.93185,3.07007,1.642093012105E12,0
2.89381,3.1263,1.642093012115E12,0
2.88542,3.101,1.642093012125E12,0
0.0,3.10527,1.642093012135E12,0
2.77477,3.08701,1.642093012145E12,0
2.77271,3.06659,1.642093012156E12,0
2.81621,3.05276,1.642093012166E12,0
2.81172,3.05405,1.642093012176E12,0
2.80653,3.06822,1.642093012186E12,0
0.0,3.07861,1.642093012197E12,0
2.76959,3.07129,1.642093012207E12,0
2.7265,3.06662,1.642093012217E12,0
0.0,3.05164,1.642093012227E12,0
2.70158,3.03784,1.642093012237E12,0
2.7424,3.02429,1.642093012248E12,0
0.0,3.02638,1.642093012258E12,0
2.75262,3.04112,1.642093012268E12,0
2.74054,3.04636,1.642093012278E12,0
0.0,3.05533,1.642093012288E12,0
2.72908,3.05525,1.642093012298E12,0
2.75073,3.05078,1.642093012309E12,0
2.83232,3.05322,1.642093012319E12,0
2.84486,3.05078,1.642093012329E12,0
2.81511,3.0451,1.642093012339E12,0
0.0,3.03899,1.642093012349E12,0
2.72551,3.02148,1.64209301236E12,0
2.7794,3.01424,1.64209301237E12,0
0.0,3.0072,1.64209301238E12,0
2.77151,3.01079,1.64209301239E12,0
2.74263,3.00462,1.6420930124E12,0
2.74686,2.99933,1.642093012411E12,0
2.74989,3.00513,1.642093012421E12,0
2.74706,3.00247,1.642093012431E12,0
2.72322,3.01642,1.642093012441E12,0
2.70039,3.00304,1.642093012451E12,0
2.68845,3.00545,1.642093012462E12,0
0.0,3.00368,1.642093012472E12,0
2.73065,3.01276,1.642093012482E12,0
2.75771,3.01219,1.642093012492E12,0
2.99005,3.00053,1.642093012502E12,0
2.97656,2.99397,1.642093012513E12,0
2.95856,2.9989,1.642093012523E12,0
2.78363,3.00507,1.642093012533E12,0
2.77,2.99986,1.642093012543E12,0
2.7469,2.99854,1.642093012553E12,0
2.76387,2.99431,1.642093012563E12,0
2.78032,3.00972,1.642093012574E12,0
2.838,3.01089,1.642093012584E12,0
2.81802,3.00693,1.642093012594E12,0
2.82669,2.95151,1.642093012604E12,0
2.78386,2.95348,1.642093012614E12,0
2.76562,2.93187,1.642093012625E12,0
2.78282,2.9117,1.642093012635E12,0
2.79854,2.91106,1.642093012645E12,0
2.80072,2.9337,1.642093012655E12,0
2.78868,2.9557,1.642093012665E12,0
